{
  "abandonar": -2,
  "abandonado": -2,
  "Abandona": -2,
  "Secuestrado": -2,
  "secuestro": -2,
  "secuestros": -2,
  "aborrecer": -3,
  "aborrecido": -3,
  "aborrecible": -3,
  "aborrece": -3,
  "habilidades": 2,
  "capacitación": 2,
  "a bordo": 1,
  "ausente": -1,
  "ausentes": -1,
  "absolver": 2,
  "absuelto": 2,
  "absuelve": 2,
  "absolviendo": 2,
  "absorbido": 1,
  "abuso": -3,
  "abusado": -3,
  "abusos": -3,
  "abusivo": -3,
  "aceptar": 1,
  "aceptado": 1,
  "aceptando": 1,
  "acepta": 1,
  "accidente": -2,
  "accidental": -2,
  "accidentalmente": -2,
  "accidentes": -2,
  "realizar": 2,
  "consumado": 2,
  "logrado": 2,
  "consumado": -2,
  "hecho": -2,
  "acusación": -2,
  "acusado": -2,
  "acusa": -2,
  "acusando": -2,
  "dolor": -2,
  "realizable": 1,
  "dolor": -2,
  "absolver": 2,
  "absuelce": 2,
  "pagado": 2,
  "absolviendo": 2,
  "mordaz": -3,
  "activo": 1,
  "adecuado": 1,
  "admirar": 3,
  "estimado": 3,
  "admira": 3,
  "admirativo": 3,
  "admitir": -1,
  "admite": -1,
  "aceptado": -1,
  "amonestar": -2,
  "amonestado": -2,
  "adaptar": 1,
  "adapta": 1,
  "adorable": 3,
  "adorar": 3,
  "adorado": 3,
  "adora": 3,
  "avanzado": 1,
  "ventaja": 2,
  "ventajas": 2,
  "aventura": 2,
  "aventuras": 2,
  "aventurero": 2,
  "afectado": -1,
  "afecto": 3,
  "cariñoso": 3,
  "afligido": -1,
  "ofendido": -1,
  "asustado ": -2,
  "agravar": -2,
  "agravado": -2,
  "agrava": -2,
  "agravante": -2,
  "agresión": -2,
  "agresiones": -2,
  "agresivo": -2,
  "espantado": -2,
  "emocionado": 2,
  "agonizar": -3,
  "agonizado": -3,
  "agonizas": -3,
  "agonizante": -3,
  "agonizar": -3,
  "agonizado": -3,
  "agoniza": -3,
  "agonizante": -3,
  "de acuerdo": 1,
  "agrabable": 2,
  "convenido": 1,
  "acuerdo": 1,
  "está de acuerdo": 1,
  "alarma": -2,
  "alarmado": -2,
  "alarmista": -2,
  "alarmistas": -2,
  "ay": -1,
  "alerta": -1,
  "alienación": -2,
  "viva": 1,
  "alérgico": -2,
  "permitir": 1,
  "solo": -2,
  "asombro": 2,
  "asombrado": 2,
  "sorprende": 2,
  "asombroso": 4,
  "ambicioso": 2,
  "ambivalente": -1,
  "entretener": 3,
  "divertido": 3,
  "diversión": 3,
  "diversiones": 3,
  "enfadado": -3,
  "ira": -3,
  "enojado": -3,
  "angustia": -3,
  "angustiado": -3,
  "animosidad": -2,
  "molestar": -2,
  "molestia": -2,
  "irritado": -2,
  "molesto": -2,
  "molesta": -2,
  "antagonista": -2,
  "anti": -1,
  "anticipación": 1,
  "ansiedad": -2,
  "ansioso": -2,
  "apático": -3,
  "apatía": -3,
  "Apesta": -3,
  "apocalíptico": -2,
  "pedir disculpas": -1,
  "Se disculpó": -1,
  "Se disculpa": -1,
  "Disculparse": -1,
  "pedir disculpas": -1,
  "Se disculpó": -1,
  "Se disculpa": -1,
  "Disculparse": -1,
  "disculpa": -1,
  "Horrorizado": -2,
  "pésimo": -2,
  "apaciguar": 2,
  "apaciguado": 2,
  "Apacigua": 2,
  "Apaciguamiento": 2,
  "aplaudir": 2,
  "Aplaudido": 2,
  "Aplaudiendo": 2,
  "Aplaude": 2,
  "aplausos": 2,
  "apreciar": 2,
  "apreciado": 2,
  "Aprecia": 2,
  "Apreciando": 2,
  "apreciación": 2,
  "aprensivo": -2,
  "aprobación": 2,
  "aprobado": 2,
  "Aprueba": 2,
  "ardiente": 1,
  "arrestar": -2,
  "detenido": -3,
  "Arrestos": -2,
  "arrogante": -2,
  "es una pena": -2,
  "avergonzado": -2,
  "culo": -4,
  "asesinato": -3,
  "Asesinatos": -3,
  "activo": 2,
  "bienes": 2,
  "Culo": -4,
  "Estúpido": -4,
  "asombrado": 2,
  "asombrar": 3,
  "Asombrado": 3,
  "asombroso": 3,
  "pasmosamente": 3,
  "Sorprende": 3,
  "ataque": -1,
  "Atacado": -1,
  "agresor": -1,
  "Ataques": -1,
  "atraer": 1,
  "atraído": 1,
  "Atrayendo": 2,
  "atracción": 2,
  "Atracciones": 2,
  "Atrae": 1,
  "audaz": 3,
  "autoridad": 1,
  "evitar": -1,
  "Evitado": -1,
  "Evita": -1,
  "ávido": 2,
  "evitar": -1,
  "Evitado": -1,
  "Evita": -1,
  "esperar": -1,
  "Esperado": -1,
  "Espera": -1,
  "premio": 3,
  "galardonado": 3,
  "Premios": 3,
  "increíble": 4,
  "horrible": -3,
  "torpe": -2,
  "hacha": -1,
  "Cortado": -1,
  "Respaldados": 1,
  "apoyo": 2,
  "Espaldas": 1,
  "malo": -3,
  "Badass": -3,
  "mal": -3,
  "Rescate": -2,
  "embaucar": -2,
  "engañado": -2,
  "Bamboozles": -2,
  "prohibición": -2,
  "desterrar": -1,
  "arruinado": -3,
  "Bankster": -3,
  "Prohibido": -2,
  "negociar": 2,
  "barrera": -2,
  "Bastardo": -5,
  "Bastardos": -5,
  "batalla": -1,
  "Batallas": -1,
  "vencido": -2,
  "beatífico": 3,
  "paliza": -1,
  "Bellezas": 3,
  "hermosa": 3,
  "hermosamente": 3,
  "embellecer": 3,
  "empequeñecer": -2,
  "Menospreciado": -2,
  "amado": 3,
  "beneficio": 2,
  "Beneficios": 2,
  "Beneficiado": 2,
  "Beneficiando": 2,
  "privar": -2,
  "afligido": -2,
  "Desamparados": -2,
  "Privando": -2,
  "mejor": 3,
  "traicionar": -3,
  "traición": -3,
  "Traicionado": -3,
  "Traicionar": -3,
  "Traiciona": -3,
  "mejor": 2,
  "parcialidad": -1,
  "parcial": -2,
  "grande": 1,
  "perra": -5,
  "Perras": -5,
  "amargo": -2,
  "amargamente": -2,
  "extraño": -2,
  "paja": -2,
  "culpa": -2,
  "culpada": -2,
  "Culpa": -2,
  "Culpando": -2,
  "bendecir": 2,
  "Bendice": 2,
  "bendición": 3,
  "ciego": -1,
  "felicidad": 3,
  "feliz": 3,
  "alegre": 2,
  "bloquear": -1,
  "éxito de taquilla": 3,
  "obstruido": -1,
  "Bloqueo": -1,
  "Bloques": -1,
  "sangriento": -3,
  "borroso": -2,
  "jactancioso": -2,
  "negrita": 2,
  "valientemente": 2,
  "bomba": -1,
  "aumentar": 1,
  "Impulsado": 1,
  "Impulsando": 1,
  "Impulsa": 1,
  "aburrir": -2,
  "aburrido": -2,
  "aburrido": -3,
  "molestia": -2,
  "Molestado": -2,
  "Molesta": -2,
  "molesto": -2,
  "boicotear": -2,
  "Boicoteado": -2,
  "Boicoteando": -2,
  "Boicots": -2,
  "lavado del cerebro": -3,
  "valiente": 2,
  "penetración": 3,
  "asombroso": 5,
  "soborno": -3,
  "brillante": 1,
  "Más brillante": 2,
  "brillo": 1,
  "brillante": 4,
  "enérgico": 2,
  "rompió": -1,
  "roto": -1,
  "Empollando": -2,
  "Intimidado": -2,
  "mierda": -4,
  "matón": -2,
  "acoso": -2,
  "gorrón": -2,
  "boyante": 2,
  "carga": -2,
  "Cargado": -2,
  "Carga": -2,
  "Cargas": -2,
  "calma": 2,
  "Calmado": 2,
  "calmante": 2,
  "Calma": 2,
  "No puede soportar": -3,
  "cancelar": -1,
  "cancelado": -1,
  "cancelado": -1,
  "Cancela": -1,
  "cáncer": -1,
  "capaz": 1,
  "Cautivado": 3,
  "cuidado": 2,
  "despreocupado": 1,
  "cuidadoso": 2,
  "cuidadosamente": 2,
  "descuidado": -2,
  "Cuida": 2,
  "cobrar": -2,
  "víctima": -2,
  "catástrofe": -3,
  "catastrófico": -4,
  "cauteloso": -1,
  "celebrar": 3,
  "celebrado": 3,
  "Celebra": 3,
  "celebrando": 3,
  "censurar": -2,
  "Censurado": -2,
  "Censores": -2,
  "cierto": 1,
  "disgusto": -2,
  "Disgustado": -2,
  "reto": -1,
  "oportunidad": 2,
  "Posibilidades": 2,
  "caos": -2,
  "caótico": -2,
  "cargado": -3,
  "Cargos": -2,
  "encanto": 3,
  "encantador": 3,
  "Sin encanto": -3,
  "castigar": -3,
  "Castigado": -3,
  "Castigos": -3,
  "Castigar": -3,
  "engañar": -3,
  "engañado": -3,
  "Tramposo": -3,
  "Tramposos": -3,
  "Tramposos": -3,
  "animar": 2,
  "animado": 2,
  "alegre": 2,
  "aplausos": 2,
  "triste": -2,
  "aclamaciones": 2,
  "alegre": 3,
  "apreciar": 2,
  "querido": 2,
  "Acaricia": 2,
  "Acariciando": 2,
  "elegante": 2,
  "infantil": -2,
  "Escalofriante": -1,
  "ahogo": -2,
  "Ahogado": -2,
  "Choques": -2,
  "Asfixia": -2,
  "Aclara": 2,
  "claridad": 2,
  "choque": -2,
  "de buen tono": 3,
  "limpiar": 2,
  "limpiador": 2,
  "claro": 1,
  "Borrado": 1,
  "claramente": 1,
  "Borra": 1,
  "inteligente": 2,
  "Nublado": -1,
  "Desorientado": -2,
  "polla": -5,
  "Cocksucker": -5,
  "Chucherías": -5,
  "engreído": -2,
  "Coaccionado": -2,
  "colapso": -2,
  "Colapsado": -2,
  "Colapsos": -2,
  "Colapso": -2,
  "chocar": -1,
  "Choca": -1,
  "Colisionar": -1,
  "colisión": -2,
  "Colisiones": -2,
  "Conspirar": -3,
  "combate": -1,
  "Combates": -1,
  "comedia": 1,
  "comodidad": 2,
  "cómodo": 2,
  "consolador": 2,
  "Comodidades": 2,
  "elogiar": 2,
  "Elogiado": 2,
  "cometer": 1,
  "compromiso": 2,
  "Comete": 1,
  "comprometido": 1,
  "Comprometiendo": 1,
  "compasivo": 2,
  "Obligado": 1,
  "competente": 2,
  "competitivo": 2,
  "suficiente": -2,
  "quejar": -2,
  "Se quejó": -2,
  "Se queja": -2,
  "exhaustivo": 2,
  "conciliar": 2,
  "Conciliado": 2,
  "Concilia": 2,
  "Conciliador": 2,
  "condenar": -2,
  "condenación": -2,
  "condenado": -2,
  "Condena": -2,
  "confianza": 2,
  "confidente": 2,
  "conflicto": -2,
  "contradictorio": -2,
  "Conflictivo": -2,
  "Conflictos": -2,
  "confundir": -2,
  "confuso": -2,
  "confuso": -2,
  "Felicitaciones": 2,
  "felicitar": 2,
  "enhorabuena": 2,
  "felicitaciones": 2,
  "consentimiento": 2,
  "Consentimientos": 2,
  "Consolable": 2,
  "conspiración": -3,
  "constreñido": -2,
  "contagio": -2,
  "Contagios": -2,
  "contagioso": -1,
  "desprecio": -2,
  "desdeñoso": -2,
  "desdeñosamente": -2,
  "contender": -1,
  "contendiente": -1,
  "Contendiendo": -1,
  "contencioso": -2,
  "Contestable": -2,
  "polémico": -2,
  "Controversialmente": -2,
  "convencer": 1,
  "convencido": 1,
  "Convence": 1,
  "alegre": 2,
  "fresco": 1,
  "cosas interesantes": 3,
  "arrinconado": -2,
  "cadáver": -1,
  "costoso": -2,
  "valor": 2,
  "valiente": 2,
  "cortés": 2,
  "cortesía": 2,
  "cubrir": -3,
  "cobarde": -2,
  "cobardemente": -2,
  "Comodidad": 2,
  "calambre": -1,
  "mierda": -3,
  "choque": -2,
  "Más loco": -2,
  "Más loco": -2,
  "loca": -2,
  "creativo": 2,
  "cabizbajo": -2,
  "llorado": -2,
  "llantos": -2,
  "crimen": -3,
  "criminal": -3,
  "Criminales": -3,
  "crisis": -3,
  "crítico": -2,
  "crítica": -2,
  "criticar": -2,
  "Criticado": -2,
  "Critica": -2,
  "Criticando": -2,
  "Críticos": -2,
  "cruel": -3,
  "crueldad": -3,
  "aplastar": -1,
  "aplastada": -2,
  "Aplasta": -1,
  "aplastante": -1,
  "llorar": -1,
  "llorando": -2,
  "coño": -5,
  "curioso": 1,
  "maldición": -1,
  "cortar": -1,
  "linda": 2,
  "Cortes": -1,
  "corte": -1,
  "cínico": -2,
  "cínico": -2,
  "cinismo": -2,
  "dañar": -3,
  "daños y perjuicios": -3,
  "Maldita sea": -4,
  "maldito": -4,
  "maldición": -4,
  "peligro": -2,
  "temerario": 2,
  "atrevido": 2,
  "Más oscuro": -2,
  "oscuridad": -1,
  "intrépido": 2,
  "muerto": -3,
  "punto muerto": -2,
  "ensordecedor": -1,
  "querido": 2,
  "caro": 3,
  "muerte": -2,
  "elegante": 2,
  "deuda": -2,
  "engaño": -3,
  "engañoso": -3,
  "engañar": -3,
  "Engañado": -3,
  "Engaña": -3,
  "engañoso": -3,
  "engaño": -3,
  "decisivo": 1,
  "dedicado": 2,
  "derrotado": -2,
  "defecto": -3,
  "Defectos": -3,
  "defensor": 2,
  "Defensores": 2,
  "indefenso": -2,
  "aplazar": -1,
  "Aplazar": -1,
  "desafiante": -1,
  "déficit": -2,
  "degradar": -2,
  "degradado": -2,
  "Degrada": -2,
  "deshumanizar": -2,
  "Deshumanizado": -2,
  "Deshumaniza": -2,
  "Deshumanizante": -2,
  "presar": -2,
  "abatido": -2,
  "Expulsión": -2,
  "Desecha": -2,
  "retrasar": -1,
  "retrasado": -1,
  "deleite": 3,
  "Encantado": 3,
  "Deleitando": 3,
  "Delicias": 3,
  "demanda": -1,
  "Exigido": -1,
  "exigente": -1,
  "demandas": -1,
  "demostración": -1,
  "Desmoralizado": -2,
  "Negado": -2,
  "Denier": -2,
  "Negadores": -2,
  "Niega": -2,
  "denunciar": -2,
  "Denuncia": -2,
  "negar": -2,
  "Negando": -2,
  "Deprimido": -2,
  "deprimente": -2,
  "hacer descarrilar": -2,
  "Descarriló": -2,
  "Descarrila": -2,
  "ridiculizar": -2,
  "Ridiculizado": -2,
  "Burla": -2,
  "Burlándose": -2,
  "burla": -2,
  "deseable": 2,
  "deseo": 1,
  "deseado": 2,
  "deseoso": 2,
  "desesperación": -3,
  "Desesperado": -3,
  "Desesperación": -3,
  "desesperado": -3,
  "desesperadamente": -3,
  "abatido": -3,
  "destruir": -3,
  "destruido": -3,
  "Destruyendo": -3,
  "Destruye": -3,
  "destrucción": -3,
  "destructivo": -3,
  "separado": -1,
  "detener": -2,
  "detenido": -2,
  "detención": -2,
  "determinado": 2,
  "devastar": -2,
  "devastado": -2,
  "devastador": -2,
  "devoto": 3,
  "diamante": 1,
  "polla": -4,
  "gilipollas": -4,
  "morir": -3,
  "murió": -3,
  "difícil": -1,
  "tímido": -2,
  "dilema": -1,
  "Mierda": -3,
  "terrible": -3,
  "horrible": -3,
  "suciedad": -2,
  "Más sucio": -2,
  "Más sucio": -2,
  "sucio": -2,
  "Inhabilitando": -1,
  "desventaja": -2,
  "perjudicado": -2,
  "desaparecer": -1,
  "Desaparecido": -1,
  "Desaparece": -1,
  "decepcionar": -2,
  "decepcionado": -2,
  "decepcionante": -2,
  "decepción": -2,
  "Decepciones": -2,
  "Decepciona": -2,
  "desastre": -2,
  "Desastres": -2,
  "desastroso": -3,
  "no creer": -2,
  "descarte": -1,
  "descartado": -1,
  "Descartar": -1,
  "Descartes": -1,
  "desconsolado": -2,
  "Desconsolación": -2,
  "descontento": -2,
  "discordia": -2,
  "Descontado": -1,
  "desanimado": -2,
  "Desacreditado": -2,
  "desdén": -2,
  "desgracia": -2,
  "Deshonrado": -2,
  "disfraz": -1,
  "disfrazado": -1,
  "Disfraces": -1,
  "disfrazado": -1,
  "asco": -3,
  "disgustado": -3,
  "asqueroso": -3,
  "Desanimado": -2,
  "deshonesto": -2,
  "desilusionado": -2,
  "Disinclined": -2,
  "inconexo": -2,
  "disgusto": -2,
  "triste": -2,
  "Consternado": -2,
  "trastorno": -2,
  "desestructurado": -2,
  "Desorientado": -2,
  "menospreciar": -2,
  "Menospreciado": -2,
  "Menosprecia": -2,
  "despectivo": -2,
  "disgustado": -2,
  "disputa": -2,
  "cuestionado": -2,
  "Disputas": -2,
  "Disputando": -2,
  "descalificado": -2,
  "desasosiego": -2,
  "indiferencia": -2,
  "ignorado": -2,
  "Despreciando": -2,
  "Desestima": -2,
  "falta de respeto": -2,
  "Despreciado": -2,
  "ruptura": -2,
  "Interrupciones": -2,
  "disruptivo": -2,
  "insatisfecho": -2,
  "distorsionar": -2,
  "distorsionado": -2,
  "distorsionista": -2,
  "Distorsiona": -2,
  "distraer": -2,
  "distraído": -2,
  "distracción": -2,
  "Distrae": -2,
  "angustia": -2,
  "afligido": -2,
  "Angustia": -2,
  "angustioso": -2,
  "desconfianza": -3,
  "desconfiado": -3,
  "molestar": -2,
  "perturbado": -2,
  "perturbador": -2,
  "Perturba": -2,
  "Tintineo": -2,
  "mareado": -1,
  "regate": -2,
  "astuto": -2,
  "no funciona": -3,
  "doloroso": -2,
  "No me gusta": -2,
  "condenar": -2,
  "condenado": -2,
  "duda": -1,
  "Dudo": -1,
  "dudoso": -1,
  "inseguro": -1,
  "dudas": -1,
  "ducha": -3,
  "gilipollas": -3,
  "alicaído": -2,
  "desanimado": -2,
  "desventaja": -2,
  "arrastrar": -1,
  "Arrastrado": -1,
  "Arrastra": -1,
  "agotado": -2,
  "pavor": -2,
  "Temido": -2,
  "terrible": -3,
  "Temiendo": -2,
  "sueño": 1,
  "Sueños": 1,
  "triste": -2,
  "caído": -2,
  "soltar": -1,
  "ahogar": -2,
  "ahogue": -2,
  "Ahoga": -2,
  "borracho": -2,
  "dudoso": -2,
  "falso ": -2,
  "aburrido": -2,
  "tonto": -3,
  "Cabrón": -3,
  "tugurio": -1,
  "Descargado": -2,
  "deshecho": -1,
  "engañar": -2,
  "Engañado": -2,
  "disfunción": -2,
  "ansioso": 2,
  "serio": 2,
  "facilitar": 2,
  "fácil": 1,
  "extático": 4,
  "misterioso": -2,
  "misterioso": -2,
  "eficaz": 2,
  "eficazmente": 2,
  "exaltado": 3,
  "elación": 3,
  "elegante": 2,
  "esmeradamente": 2,
  "avergonzar": -2,
  "desconcertado": -2,
  "Avergüenza": -2,
  "embarazoso": -2,
  "vergüenza": -2,
  "amargado": -2,
  "abrazo": 1,
  "emergencia": -2,
  "Empático": 2,
  "vacío": -1,
  "vacío": -1,
  "Encantado": 2,
  "alentar": 2,
  "alentado": 2,
  "ánimo": 2,
  "Alienta": 2,
  "endosar": 2,
  "Endosado": 2,
  "aprobación": 2,
  "Apoya": 2,
  "enemigos": -2,
  "enemigo": -2,
  "energético": 1,
  "contratar": 1,
  "Se compromete": 1,
  "absorto": 2,
  "disfrutar": 2,
  "disfrutando": 2,
  "Disfruta": 2,
  "iluminar": 2,
  "ilustrado": 2,
  "Esclarecedor": 2,
  "Ilumina": -2,
  "tedio": -2,
  "enfurecer": -2,
  "enfurecido": -2,
  "Enfurece": -2,
  "Enfureciendo": 3,
  "extasiar": -2,
  "esclavizar": -2,
  "esclavizado": -2,
  "Esclavos": 1,
  "asegurar": 1,
  "Asegurando": 1,
  "emprendedor": 2,
  "entretenido": 3,
  "cautivar": 3,
  "entusiasta": 1,
  "intitulado": 2,
  "Confiado": -1,
  "Envidia": -2,
  "envidioso": -1,
  "envidia": -1,
  "Envidiando": -2,
  "erróneo": -2,
  "error": -2,
  "Errores": -1,
  "escapar": -1,
  "Escapes": -1,
  "Escapando": 2,
  "estimado": 2,
  "euforia": 3,
  "Eufórico": 4,
  "desalojo": -1,
  "mal": -3,
  "exagerar": -2,
  "exagerado": -2,
  "Exagera": -2,
  "Exagerando": -2,
  "Exasperado": 2,
  "excelencia": 3,
  "excelente": 3,
  "excitar": 3,
  "emocionado": 3,
  "emoción": 3,
  "emocionante": 3,
  "excluir": -1,
  "Excluido": -2,
  "exclusión": -1,
  "exclusivo": 2,
  "excusa": -1,
  "eximir": -1,
  "agotado": -2,
  "regocijado": 3,
  "Regocija": 3,
  "Emocionante": 3,
  "exonerar": 2,
  "exonerado": 2,
  "Exonera": 2,
  "Exonerando": 2,
  "expandir": 1,
  "Se expande": 1,
  "expulsar": -2,
  "expulsado": -2,
  "Expulsión": -2,
  "Expulsa": -2,
  "explotar": -2,
  "explotado": -2,
  "Explotando": -2,
  "Explota": -2,
  "exploración": 1,
  "Exploraciones": 1,
  "exponer": -1,
  "expuesto": -1,
  "Expone": -1,
  "exposición": -1,
  "ampliar": 1,
  "Se extiende": 1,
  "exuberante": 4,
  "jubiloso": 3,
  "Exultantemente": 3,
  "fabuloso": 4,
  "moda": -2,
  "fallar": -2,
  "fallado": -2,
  "defecto": -2,
  "Falla": -2,
  "fracaso": -2,
  "Fallos": -2,
  "pusilánime": -2,
  "justa": 2,
  "fe": 1,
  "fiel": 3,
  "Falso": -3,
  "Falsificaciones": -3,
  "Fingiendo": -3,
  "caído": -2,
  "cayendo": -1,
  "falsificado": -3,
  "falsificar": -3,
  "fama": 1,
  "ventilador": 3,
  "fantástico": 4,
  "farsa": -1,
  "fascinar": 3,
  "fascinado": 3,
  "Fascina": 3,
  "fascinante": 3,
  "fascista": -2,
  "Fascistas": -2,
  "Fatalidades": -3,
  "fatalidad": -3,
  "fatiga": -2,
  "Fatigado": -2,
  "Se fatiga": -2,
  "fatigoso": -2,
  "favor": 2,
  "favorecido": 2,
  "favorito": 2,
  "Favorito": 2,
  "Favoritos": 2,
  "Favores": 2,
  "miedo": -2,
  "temeroso": -2,
  "Temiendo": -2,
  "sin miedo": 2,
  "temible": -2,
  "harto": -3,
  "débil": -2,
  "sensación": 1,
  "Delitos graves": -3,
  "delito": -3,
  "ferviente": 2,
  "fervoroso": 2,
  "festivo": 2,
  "fiasco": -3,
  "nervioso": -2,
  "lucha": -1,
  "multa": 2,
  "fuego": -2,
  "despedido": -2,
  "disparo": -2,
  "ajuste": 1,
  "aptitud": 1,
  "buque insignia": 2,
  "Huye": -1,
  "fracaso": -2,
  "gripe": -2,
  "Nervioso": -2,
  "Enfocado": 2,
  "aficionado": 2,
  "cariño": 2,
  "tonto": -2,
  "tontos": -2,
  "forzado": -1,
  "juicio hipotecario": -2,
  "Ejecuciones hipotecarias": -2,
  "olvidar": -1,
  "olvidadizo": -2,
  "perdonar": 1,
  "indulgente": 1,
  "olvidado": -1,
  "afortunado": 2,
  "frenético": -1,
  "fraude": -4,
  "Fraudes": -4,
  "Fraude": -4,
  "Defraudadores": -4,
  "fraude": -4,
  "fraudulento": -4,
  "gratis": 1,
  "libertad": 2,
  "frenesí": -3,
  "Fresco": 1,
  "amistoso": 2,
  "susto": -2,
  "asustado": -2,
  "aterrador": -3,
  "retozón": 2,
  "ceñudo": -1,
  "frustrar": -2,
  "frustrado": -2,
  "Frustra": -2,
  "frustrante": -2,
  "frustración": -2,
  "Mierda": -4,
  "Jodido": -4,
  "Cabron": -4,
  "Hijos de puta": -4,
  "Cara de mierda": -4,
  "Cabeza de puta": -4,
  "maldito": -4,
  "Fucktard": -4,
  "Fud": -3,
  "Fuked": -4,
  "Fuking": -4,
  "cumplir": 2,
  "Cumplido": 2,
  "Cumple": 2,
  "Fumando": -2,
  "divertido": 4,
  "funeral": -1,
  "Funerales": -1,
  "miedoso": 2,
  "Más divertido": 4,
  "gracioso": 4,
  "furioso": -3,
  "fútil": 2,
  "mordaza": -2,
  "Amordazado": -2,
  "ganancia": 2,
  "Ganado": 2,
  "Ganando": 2,
  "ganancias": 2,
  "galante": 3,
  "gallardamente": 3,
  "galantería": 3,
  "generoso": 2,
  "genial": 3,
  "fantasma": -1,
  "mareado": -2,
  "regalo": 2,
  "alegre": 3,
  "atractivo": 3,
  "Glamoroso": 3,
  "alegría": 3,
  "jubiloso": 3,
  "oscuridad": -1,
  "melancólico": -2,
  "glorioso": 2,
  "gloria": 2,
  "sombrío": -2,
  "Dios": 1,
  "Maldito": -3,
  "bendición": 4,
  "bueno": 3,
  "bondad": 3,
  "gracia": 1,
  "Cortés": 3,
  "grandioso": 3,
  "conceder": 1,
  "concedido": 1,
  "Concesión": 1,
  "subsidios": 1,
  "agradecido": 3,
  "gratificación": 2,
  "tumba": -2,
  "gris": -1,
  "estupendo": 3,
  "mayor": 3,
  "mayor": 3,
  "codicia": -3,
  "codicioso": -2,
  "lavado verde": -3,
  "lavado verde": -3,
  "lavado verde": -3,
  "lavavajillas": -3,
  "lavadoras verdes": -3,
  "lavado verde": -3,
  "saludar": 1,
  "saludado": 1,
  "saludo": 1,
  "saludos": 2,
  "saluda": 1,
  "gris": -1,
  "dolor": -2,
  "apenado": -2,
  "bruto": -2,
  "creciente": 1,
  "crecimiento": 2,
  "garantía": 1,
  "culpa": -3,
  "culpable": -3,
  "candidez": -2,
  "crédulo": -2,
  "pistola": -1,
  "decir ah": 2,
  "hackeado": -1,
  "jaja": 3,
  "jajaja": 3,
  "jajajaj": 3,
  "granizo": 2,
  "aclamado": 2,
  "desventurado": -2,
  "desgracia": -2,
  "felicidad": 3,
  "contento": 3,
  "difícil": -1,
  "más duro": 2,
  "privación": -2,
  "resistente": 2,
  "daño": -2,
  "dañado": -2,
  "perjudicial": -2,
  "dañando": -2,
  "daña": -2,
  "acosado": -2,
  "duro": -2,
  "más duro": -2,
  "más duro": -2,
  "odio": -3,
  "odiado": -3,
  "enemigos": -3,
  "odia": -3,
  "odiando": -3,
  "guarida": -1,
  "obsesionado": -2,
  "obsesionante": 1,
  "frecuenta": -1,
  "estragos": -2,
  "saludable": 2,
  "angustioso": -3,
  "corazón roto": -3,
  "sentido": 3,
  "cielo": 2,
  "celestial": 4,
  "corazón pesado": -2,
  "infierno": -4,
  "ayuda": 2,
  "servicial": 2,
  "ración": 2,
  "indefenso": -2,
  "ayuda": 2,
  "héroe": 2,
  "héroes": 2,
  "heroico": 3,
  "vacilante": -2,
  "vacilar": -2,
  "escondido": -1,
  "esconder": -1,
  "se esconde": -1,
  "ocultación": -1,
  "realce": 2,
  "divertidísimo": 2,
  "obstáculo": -2,
  "farsa": -2,
  "nostálgico": -2,
  "honesto": 2,
  "honor": 2,
  "honrado": 2,
  "honrar": 2,
  "honor": 2,
  "honrado": 2,
  "honrar": 2,
  "pandilleros": -2,
  "pandillerismo": -2,
  "pandilleros": -2,
  "esperanza": 2,
  "esperanzado": 2,
  "Ojalá": 2,
  "sin esperanza": -2,
  "desesperación": -2,
  "esperanzas": 2,
  "esperando": 2,
  "horrendo": -3,
  "horrible": -3,
  "horrendo": -3,
  "horrorizado": -3,
  "hostil": -2,
  "mercachifle": -2,
  "abrazo": 2,
  "enorme": 1,
  "abrazos": 2,
  "chistoso": 3,
  "humillado": -3,
  "humillación": -3,
  "humor": 2,
  "humorístico": 2,
  "humor": 2,
  "Chistoso": 2,
  "hambre": -2,
  "Hurra": 5,
  "herir": -2,
  "Herir": -2,
  "Duele": -2,
  "hipócrita": -2,
  "histeria": -3,
  "histérico": -3,
  "histerismo": -3,
  "idiota": -3,
  "idiota": -3,
  "ignorancia": -2,
  "ignorante": -2,
  "ignorar": -1,
  "Ignorado": -2,
  "Ignora": -1,
  "enfermo": -2,
  "ilegal": -3,
  "analfabetismo": -2,
  "enfermedad": -2,
  "Enfermedades": -2,
  "imbécil": -3,
  "inmovilizado": -1,
  "inmortal": 2,
  "inmune": 1,
  "impaciente": -2,
  "imperfecto": -2,
  "importancia": 2,
  "importante": 2,
  "imponer": -1,
  "impuesto": -1,
  "Impone": -1,
  "imponente": -1,
  "impotente": -2,
  "impresionar": 3,
  "impresionado": 3,
  "Impresiona": 3,
  "impresionante": 3,
  "encarcelado": -2,
  "mejorar": 2,
  "mejorado": 2,
  "mejora": 2,
  "Mejora": 2,
  "mejorando": 2,
  "incapacidad": -2,
  "inacción": -2,
  "inadecuado": -2,
  "incapaz": -2,
  "Incapacitado": -2,
  "indignado": -2,
  "incompetencia": -2,
  "incompetente": -2,
  "desconsiderado": -2,
  "inconveniencia": -2,
  "inconveniente": -2,
  "incrementar": 1,
  "aumentado": 1,
  "indeciso": -2,
  "indestructible": 2,
  "indiferencia": -2,
  "indiferente": -2,
  "indignado": -2,
  "indignación": -2,
  "adoctrinar": -2,
  "Adoctrinado": -2,
  "Adoctrina": -2,
  "Adoctrinamiento": -2,
  "ineficaz": -2,
  "Ineficazmente": -2,
  "chiflado por": 2,
  "infatuación": 2,
  "infectado": -2,
  "inferior": -2,
  "enconado": -2,
  "influyente": 2,
  "infracción": -2,
  "enfurecer": -2,
  "Enfurecido": -2,
  "Enfurece": -2,
  "exasperante": -2,
  "inhibir": -1,
  "lesionado": -2,
  "lesión": -2,
  "injusticia": -2,
  "innovar": 1,
  "Innova": 1,
  "innovación": 1,
  "innovador": 2,
  "inquisición": -2,
  "inquisitivo": 2,
  "insano": -2,
  "locura": -2,
  "inseguro": -2,
  "insensible": -2,
  "insensibilidad": -2,
  "insignificante": -2,
  "insípido": -2,
  "inspiración": 2,
  "Inspirador": 2,
  "inspirar": 2,
  "inspirado": 2,
  "Inspira": 2,
  "Inspirador": 3,
  "insulto": -2,
  "insultado": -2,
  "insultante": -2,
  "Insultos": -2,
  "intacto": 2,
  "integridad": 2,
  "inteligente": 2,
  "intenso": 1,
  "interesar": 1,
  "interesado": 2,
  "interesante": 2,
  "intereses": 1,
  "Interrogado": -2,
  "interrumpir": -2,
  "Interrumpido": -2,
  "Interrumpiendo": -2,
  "interrupción": -2,
  "Interrumpe": -2,
  "intimidar": -2,
  "Intimidado": -2,
  "Intimida": -2,
  "Intimidante": -2,
  "intimidación": -2,
  "intrincado": 2,
  "Intrigas": 1,
  "invencible": 2,
  "invitación": 1,
  "atractivo": 1,
  "invulnerable": 2,
  "airado": -3,
  "irónico": -1,
  "ironía": -1,
  "irracional": -1,
  "irresistible": 2,
  "irresoluto": -2,
  "irresponsable": 2,
  "irreversible": -1,
  "irritar": -3,
  "irritado": -3,
  "irritante": -3,
  "aislado": -1,
  "picante": -2,
  "burro": -4,
  "Gaviotas": -4,
  "encarcelado": -2,
  "alegre": 2,
  "celoso": -2,
  "peligro": -2,
  "imbécil": -3,
  "Jesús": 1,
  "joya": 1,
  "joyas": 1,
  "jocoso": 2,
  "unirse": 1,
  "broma": 2,
  "Bromas": 2,
  "alegre": 2,
  "jovial": 2,
  "alegría": 3,
  "alegre": 3,
  "alegremente": 3,
  "triste": -2,
  "jubiloso": 3,
  "jubiloso": 3,
  "asustadizo": -1,
  "justicia": 2,
  "Justificadamente": 2,
  "justificado": 2,
  "afilado": 1,
  "matar": -3,
  "delicado": -3,
  "asesinato": -3,
  "Mata": -3,
  "tipo": 2,
  "Kinder": 2,
  "Beso": 2,
  "prestigio": 3,
  "ausencia": -2,
  "lánguido": -2,
  "retraso": -1,
  "Retrasado": -2,
  "rezagado": -2,
  "Retrasos": -2,
  "cojo": -2,
  "punto de referencia": 2,
  "risa": 1,
  "Se rió": 1,
  "Riendo": 1,
  "Risas": 1,
  "Riendo": 1,
  "lanzado": 1,
  "Ley": 3,
  "demanda judicial": -2,
  "Pleitos": -2,
  "perezoso": -1,
  "fuga": -1,
  "Filtrado": -1,
  "salir": -1,
  "legal": 1,
  "legalmente": 1,
  "indulgente": 1,
  "letárgico": -2,
  "letargo": -2,
  "mentiroso": -3,
  "mentirosos": -3,
  "difamatorio": -2,
  "mintió": -2,
  "salvador de la vida": 4,
  "alegre": 1,
  "me gusta": 2,
  "gustó": 2,
  "gustos": 2,
  "limitación": -1,
  "limitado": -1,
  "Límites": -1,
  "litigio": -1,
  "litigioso": -2,
  "animado": 2,
  "lívido": -2,
  "Lmao": 4,
  "Lmfao": 4,
  "detestar": -3,
  "Odiado": -3,
  "Aborrece": -3,
  "aversión": -3,
  "vestíbulo": -2,
  "cabildeo": -2,
  "Jajaja": 3,
  "solitario": -2,
  "solitario": -2,
  "anhelo": -1,
  "telar": -1,
  "Surgió": -1,
  "Inminente": -1,
  "Telares": -1,
  "suelto": -3,
  "Pierde": -3,
  "perdedor": -3,
  "perdiendo": -3,
  "pérdida": -3,
  "perdió": -3,
  "amable": 3,
  "amor": 3,
  "Amado": 3,
  "Encantados": 3,
  "encantador": 3,
  "amoroso": 2,
  "Más bajo": -1,
  "leal": 3,
  "lealtad": 3,
  "suerte": 3,
  "por suerte": 3,
  "suerte": 3,
  "lúgubre": -2,
  "lunático": -3,
  "Locos": -3,
  "estar al acecho": -1,
  "alfombrilla de ratón": -1,
  "Acecha": -1,
  "enojado": -3,
  "enloquecedor": -3,
  "arreglado": -1,
  "locamente": -3,
  "Locura": -3,
  "obligatorio": -1,
  "Manipulado": -1,
  "Manipulando": -1,
  "manipulación": -1,
  "maravilla": 3,
  "maravilloso": 3,
  "Maravillas": 3,
  "obra maestra": 4,
  "Obras maestras": 4,
  "importar": 1,
  "Asuntos": 1,
  "maduro": 2,
  "significativo": 2,
  "sin sentido": -2,
  "medalla": 3,
  "mediocridad": -3,
  "meditativo": 1,
  "melancolía": -2,
  "amenaza": -2,
  "Amenazado": -2,
  "misericordia": 2,
  "alegre": 3,
  "lío": -2,
  "Ensuciado": -2,
  "Estropeando": -2,
  "metódico": 2,
  "imbécil": -2,
  "milagro": 4,
  "alegría": 3,
  "alegre": 3,
  "Alegremente": 3,
  "portarse mal": -2,
  "Portarse mal": -2,
  "Mal comportamiento": -2,
  "Mal comportamiento": -2,
  "travesura": -1,
  "Males": -1,
  "miserable": -3,
  "miseria": -2,
  "recelo": -2,
  "desinformación": -2,
  "Mal informado": -2,
  "Malinterpretado": -2,
  "engañoso": -3,
  "leer mal": -1,
  "Declaración errónea": -2,
  "tergiversación": -2,
  "perder": -2,
  "Perdido": -2,
  "desaparecido": -2,
  "Error": -2,
  "equivocado": -2,
  "Errores": -2,
  "Confundiendo": -2,
  "entender mal": -2,
  "malentendido": -2,
  "Malinterpreta": -2,
  "incomprendido": -2,
  "gemido": -2,
  "Gimió": -2,
  "Gimiendo": -2,
  "Gemidos": -2,
  "burlarse de": -2,
  "Burlado": -2,
  "burlón": -2,
  "Burla": -2,
  "monopolizar": -2,
  "Monopolizado": -2,
  "Monopoliza": -2,
  "Monopolizando": -2,
  "temperamental": -1,
  "melancólico": -1,
  "idiota": -3,
  "hijo de puta": -5,
  "Puta madre": -5,
  "motivar": 1,
  "Motivado": 2,
  "Motivador": 2,
  "motivación": 1,
  "llorar": -2,
  "Llorado": -2,
  "triste": -2,
  "luto": -2,
  "Llorar": -2,
  "malhumorado": -2,
  "asesinato": -2,
  "asesino": -2,
  "Asesinando": -3,
  "asesino": -3,
  "Asesinatos": -2,
  "mito": -1,
  "ngenuo": -2,
  "asqueroso": -3,
  "natural": 1,
  "ingenuo": -2,
  "necesitado": -2,
  "negativo": -2,
  "Negatividad": -2,
  "negligencia": -2,
  "descuidado": -2,
  "Descuidando": -2,
  "Descuida": -2,
  "Nervios": -1,
  "nervioso": -2,
  "nerviosamente": -2,
  "bonito": 3,
  "hábil": 2,
  "Niggas": -5,
  "negro": -5,
  "no": -1,
  "no es divertido": -3,
  "noble": 2,
  "ruidoso": -1,
  "disparates": -2,
  "novato": -2,
  "curioso": -2,
  "no está bien": -2,
  "no funciona": -3,
  "notorio": -2,
  "novela": 2,
  "entumecido": -1,
  "nueces": -3,
  "obliterar": -2,
  "Borrado": -2,
  "desagradable": -3,
  "obsceno": -2,
  "obsesionado": 2,
  "obsoleto": -2,
  "obstáculo": -2,
  "Obstáculos": -2,
  "obstinado": -2,
  "impar": -2,
  "ofender": -2,
  "Ofendido": -2,
  "delincuente": -2,
  "Ofender": -2,
  "Ofende": -2,
  "desconectado": -1,
  "oks": 2,
  "ominoso": 3,
  "una vez en la vida": 3,
  "Oportunidades": 2,
  "oportunidad": 2,
  "Oprimido": -2,
  "opresivo": -2,
  "optimismo": 2,
  "optimista": 2,
  "Sin opción": -2,
  "grito": -2,
  "Superado": -2,
  "atropello": -3,
  "Indignado": -3,
  "superar a": 2,
  "excepcional": 5,
  "lleno de alegría": 4,
  "sobrecarga": -1,
  "pasado por alto": -1,
  "sobrereaccionar": -2,
  "Exagerado": -2,
  "Exageración": -2,
  "Reacciones exageradas": -2,
  "Sobreventa": -2,
  "Sobreventa": -2,
  "sobreventas": -2,
  "Simplificación excesiva": -2,
  "Simplificado": -2,
  "Simplifica excesivamente": -2,
  "simplificar demasiado": -2,
  "exageración": -2,
  "Exageraciones": -2,
  "exceso de peso": -1,
  "oxímoron": -1,
  "dolor": -2,
  "dolorido": -2,
  "pánico": -3,
  "Pánico": -3,
  "Pánico": -3,
  "paraíso": 3,
  "paradoja": -1,
  "perdón": 2,
  "perdonado": 2,
  "Perdonar": 2,
  "Perdones": 2,
  "parlamentar": -1,
  "apasionado": 2,
  "pasivo": -1,
  "pasivamente": -1,
  "patético": -2,
  "paga": -1,
  "paz": 2,
  "pacífico": 2,
  "Pacíficamente": 2,
  "pena": -2,
  "pensativo": -1,
  "Perfecto": 3,
  "Perfeccionado": 2,
  "perfectamente": 3,
  "Perfecciona": 2,
  "peligro": -2,
  "perjurio": -3,
  "autor": -2,
  "Perpetradores": -2,
  "perplejo": -2,
  "perseguir": -2,
  "Perseguido": -2,
  "Persigue": -2,
  "Perseguir": -2,
  "Perturbado": -2,
  "maldito": -2,
  "pesimismo": -2,
  "pesimista": -2,
  "Petrificado": -2,
  "Fóbico": -2,
  "pintoresco": 2,
  "amontonar": -1,
  "piqué": -2,
  "Picado": -2,
  "mear": -4,
  "Molesto": -4,
  "Orinando": -3,
  "lastimoso": -2,
  "Lástima": -1,
  "lástima": -2,
  "juguetón": 2,
  "agradable": 3,
  "Por favor": 1,
  "satisfecho": 3,
  "Placer": 3,
  "listo": -2,
  "veneno": -2,
  "Envenenado": -2,
  "Venenos": -2,
  "contaminar": -2,
  "Contaminado": -2,
  "Contaminador": -2,
  "Contaminadores": -2,
  "Contamina": -2,
  "pobre": -2,
  "Más pobre": -2,
  "El más pobre": -2,
  "popular": 3,
  "positivo": 2,
  "afirmativamente": 2,
  "posesivo": -2,
  "posponer": -1,
  "pospuesto": -1,
  "posponer": -1,
  "posponiendo": -1,
  "pobreza": -1,
  "poderoso": 2,
  "impotente": -2,
  "alabanza": 3,
  "alabado": 3,
  "alabanzas": 3,
  "alabando": 3,
  "orar": 1,
  "orando": 1,
  "ora": 1,
  "prblm": -2,
  "prblms": -2,
  "preparado": 1,
  "presión": -1,
  "presionado": -2,
  "fingir": -1,
  "fingiendo": -1,
  "finge": -1,
  "bonita": 1,
  "evitar": -1,
  "prevenido": -1,
  "previniendo": -1,
  "previene": -1,
  "pinchazo": -5,
  "prisión": -2,
  "prisionero": -2,
  "presos": -2,
  "privilegiado": 2,
  "proactivo": 2,
  "problema": -2,
  "problemas": -2,
  "acaparador": -2,
  "Progreso": 2,
  "prominente": 2,
  "promesa": 1,
  "prometido": 1,
  "promesas": 1,
  "promover": 1,
  "promovido": 1,
  "promueve": 1,
  "promoviendo": 1,
  "propaganda": -2,
  "enjuiciar": -1,
  "procesado": -2,
  "procesa": -1,
  "enjuiciamiento": -1,
  "perspectiva": 1,
  "perspectivas": 1,
  "próspero": 3,
  "proteger": 1,
  "protegido": 1,
  "protege": 1,
  "protesta": -2,
  "manifestantes": -2,
  "protestando": -2,
  "protestas": -2,
  "orgulloso": 2,
  "orgullosamente": 2,
  "provocar": -1,
  "provocado": -1,
  "provoca": -1,
  "provocador": -1,
  "pseudociencia": -3,
  "castigar": -2,
  "castigado": -2,
  "castiga": -2,
  "punitivo": -2,
  "molesto": -1,
  "perplejo": -2,
  "temblante": -2,
  "cuestionable": -2,
  "cuestionado": -1,
  "interrogatorio": -1,
  "racismo": -3,
  "racista": -3,
  "racistas": -3,
  "rabia": -2,
  "lluvioso": -1,
  "despotricar": -3,
  "ranter": -3,
  "ranters": -3,
  "rants": -3,
  "violación": -4,
  "violador": -4,
  "rapto": 2,
  "arrebatado": 2,
  "extasis": 2,
  "extático": 4,
  "erupción": -2,
  "ratificado": 2,
  "alcanzar": 1,
  "alcanzado": 1,
  "alcanza": 1,
  "alcanzando": 1,
  "tranquilizar": 1,
  "tranquilizado": 1,
  "tranquiliza": 1,
  "tranquilizador": 2,
  "rebelión": -2,
  "recesión": -2,
  "temerario": -2,
  "recomendar": 2,
  "recomendado": 2,
  "recomienda": 2,
  "redimido": 2,
  "desperdicios": -2,
  "rechazado": -2,
  "rechazando": -2,
  "lamentar": -2,
  "arrepentido": -2,
  "arrepentimientos": -2,
  "arrepentido": -2,
  "lamentando": -2,
  "rechazar": -1,
  "rechazado": -1,
  "rechazando": -1,
  "rechaza": -1,
  "alegrarse": 4,
  "se alegró": 4,
  "se regocija": 4,
  "alegría": 4,
  "relajado": 2,
  "implacable": -1,
  "confiado": 2,
  "aliviar": 1,
  "aliviado": 2,
  "alivia": 1,
  "alivio": 2,
  "saboreando": 2,
  "notable": 2,
  "remordimiento": -2,
  "rechazar": -1,
  "rechazado": -2,
  "rescate": 2,
  "rescatada": 2,
  "rescata": 2,
  "resentido": -2,
  "Renunciar": -1,
  "resignado": -1,
  "renunciando": -1,
  "renuncia": -1,
  "resuelto": 2,
  "resolver": 2,
  "resuelto": 2,
  "resuelve": 2,
  "resolución": 2,
  "respetado": 2,
  "responsable": 2,
  "sensible": 2,
  "sosegado": 2,
  "inquieto": -2,
  "restaurar": 1,
  "restaurado": 1,
  "restaura": 1,
  "restaurando": 1,
  "restringir": -2,
  "restringido": -2,
  "restringiendo": -2,
  "restricción": -2,
  "restringe": -2,
  "retenido": -1,
  "retardar": -2,
  "retrasado": -2,
  "retirada": -1,
  "venganza": -2,
  "vengativo": -2,
  "venerado": 2,
  "reanimar": 2,
  "revive": 2,
  "recompensa": 2,
  "recompensado": 2,
  "gratificante": 2,
  "recompensas": 2,
  "Rico": 2,
  "ridículo": -3,
  "aparejo": -1,
  "aparejado": -1,
  "dirección correcta": 3,
  "riguroso": 3,
  "rigurosamente": 3,
  "alboroto": -2,
  "disturbios": -2,
  "riesgo": -2,
  "riesgos": -2,
  "robar": -2,
  "ladrón": -2,
  "vestido": -2,
  "robo": -2,
  "roba": -2,
  "robusto": 2,
  "rofl": 4,
  "roflcopter": 4,
  "roflmao": 4,
  "romance": 2,
  "rotfl": 4,
  "rotflmfao": 4,
  "rotflol": 4,
  "ruina": -2,
  "arruinado": -2,
  "arruinando": -2,
  "restos": -2,
  "sabotaje": -2,
  "triste": -2,
  "entristecer": -2,
  "entristecido": -2,
  "tristemente": -2,
  "seguro": 1,
  "sin peligro": 1,
  "la seguridad": 1,
  "saliente": 1,
  "lleno de savia": -1,
  "sarcástico": -2,
  "satisfecho": 2,
  "salvar": 2,
  "salvado": 2,
  "estafa": -2,
  "estafas": -2,
  "escándalo": -3,
  "escandaloso": -3,
  "escándalos": -3,
  "chivo expiatorio": -2,
  "chivos expiatorios": -2,
  "susto": -2,
  "asustado": -2,
  "de miedo": -2,
  "escéptico": -2,
  "regaño": -2,
  "cuchara": 3,
  "desdén": -2,
  "desdeñoso": -2,
  "gritar": -2,
  "gritó": -2,
  "gritando": -2,
  "carcajadas": -2,
  "atornillado": -2,
  "jodido": -3,
  "escoria": -4,
  "seguro": 2,
  "asegurado": 2,
  "asegura": 2,
  "sedición": -2,
  "sedicioso": -2,
  "seducido": -1,
  "seguro de sí mismo": 2,
  "autoengañado": -2,
  "egoísta": -3,
  "egoísmo": -3,
  "frase": -2,
  "sentenciado": -2,
  "frases": -2,
  "sentencia": -2,
  "sereno": 2,
  "grave": -2,
  "sexy": 3,
  "tembloroso": -2,
  "vergüenza": -2,
  "avergonzado": -2,
  "vergonzoso": -2,
  "compartir": 1,
  "compartido": 1,
  "Comparte": 1,
  "destrozada": -2,
  "mierda": -4,
  "gilipollas": -4,
  "de mierda": -3,
  "choque": -2,
  "conmocionado": -2,
  "chocante": -2,
  "choques": -2,
  "disparar": -1,
  "miope": -2,
  "miopía": -2,
  "escasez": -2,
  "escasez": -2,
  "musaraña": -4,
  "tímido": -1,
  "enfermos": -2,
  "suspiro": -2,
  "significado": 1,
  "significativo": 1,
  "silenciando": -1,
  "tonto": -1,
  "sincero": 2,
  "sinceramente": 2,
  "más sincero": 2,
  "sinceridad": 2,
  "pecaminoso": -3,
  "solitario": -2,
  "escéptico": -2,
  "escéptico": -2,
  "escepticismo": -2,
  "escépticos": -2,
  "golpe": -2,
  "barra oblicua": -2,
  "cortado": -2,
  "barras": -2,
  "cuchillada": -2,
  "esclavitud": -3,
  "insomnio": -2,
  "mancha": 2,
  "impermeable": 2,
  "más astuto": 2,
  "lento": -2,
  "puta": -5,
  "inteligente": 1,
  "más inteligente": 2,
  "el más inteligente": 2,
  "frotis": -2,
  "sonreír": 2,
  "sonrió": 2,
  "sonrisas": 2,
  "sonriente": 2,
  "niebla tóxica": -2,
  "furtivo": -1,
  "desaire": -2,
  "despreciado": -2,
  "desaire": -2,
  "desprecios": -2,
  "serio": 1,
  "solemne": -1,
  "sólido": 2,
  "solidaridad": 2,
  "solución": 1,
  "soluciones": 1,
  "resolver": 1,
  "resuelto": 1,
  "resuelve": 1,
  "solucionando": 1,
  "sombrío": -2,
  "algún tipo": 0,
  "Hijo de puta": -5,
  "calmar": 3,
  "calmado": 3,
  "calmante": 3,
  "sofisticado": 2,
  "dolorido": -1,
  "dolor": -2,
  "triste": -2,
  "lo siento": -1,
  "correo no deseado": -2,
  "spammer": -3,
  "spammers": -3,
  "spamming": -2,
  "chispa": 1,
  "brillar": 3,
  "chispea": 3,
  "espumoso": 3,
  "especulativo": -2,
  "espíritu": 1,
  "enérgico": 2,
  "sin ánimo": -2,
  "malévolo": -2,
  "espléndido": 3,
  "animado": 2,
  "aplastado": -1,
  "puñalada": -2,
  "apuñalado": -2,
  "estable": 2,
  "puñaladas": -2,
  "puesto": -2,
  "estancado": -2,
  "estancamiento": -2,
  "aguante": 2,
  "estampida": -2,
  "sorprendido": -2,
  "morir de hambre": -2,
  "famélico": -2,
  "muere de hambre": -2,
  "muriendo de hambre": -2,
  "firme": 2,
  "robar": -2,
  "roba": -2,
  "estereotipo": -2,
  "esteriotipado": -2,
  "sofocado": -1,
  "estimular": 1,
  "estimulado": 1,
  "estimula": 1,
  "estimulante": 2,
  "tacaño": -2,
  "robado": -2,
  "detener": -1,
  "detenido": -1,
  "parada": -1,
  "paradas": -1,
  "cerveza negra": 2,
  "Derecho": 1,
  "extraño": -1,
  "extrañamente": -1,
  "estrangulado": -2,
  "fuerza": 2,
  "fortalecer": 2,
  "fortificado": 2,
  "fortalecimiento": 2,
  "fortalece": 2,
  "estresado": -2,
  "estresor": -2,
  "estresores": -2,
  "afligido": -2,
  "Huelga": -1,
  "huelguistas": -2,
  "huelgas": -1,
  "fuerte": 2,
  "más fuerte": 2,
  "el más fuerte": 2,
  "golpeado": -1,
  "lucha": -2,
  "luchado": -2,
  "luchas": -2,
  "luchando": -2,
  "obstinado": -2,
  "atascado": -2,
  "aturdido": -2,
  "maravilloso": 4,
  "estúpido": -2,
  "estúpidamente": -2,
  "afable": 2,
  "sustancial": 1,
  "sustancialmente": 1,
  "subversivo": -2,
  "éxito": 2,
  "exitoso": 3,
  "chupar": -3,
  "chupa": -3,
  "sufrir": -2,
  "sufrimiento": -2,
  "sufre": -2,
  "suicida": -2,
  "suicidio": -2,
  "demandando": -2,
  "enfurruñado": -2,
  "malhumorado": -2,
  "hosco": -2,
  "sol": 2,
  "súper": 3,
  "magnífico": 5,
  "superior": 2,
  "apoyo": 2,
  "soportado": 2,
  "seguidor": 1,
  "partidarios": 1,
  "secundario": 1,
  "apoyo": 2,
  "apoya": 2,
  "sobrevivió": 2,
  "sobreviviente": 2,
  "sobreviviente": 2,
  "sospechar": -1,
  "sospechoso": -1,
  "sospechando": -1,
  "sospechosos": -1,
  "suspender": -1,
  "suspendido": -1,
  "suspicaz": -2,
  "jurar": -2,
  "jurando": -2,
  "jura": -2,
  "dulce": 2,
  "rápido": 2,
  "rápidamente": 2,
  "estafa": -3,
  "estafas": -3,
  "trapacero": -3,
  "simpático": 2,
  "simpatía": 2,
  "tarde": -2,
  "lágrimas": -2,
  "oferta": 2,
  "tiempo": -2,
  "tensión": -1,
  "terrible": -3,
  "terriblemente": -3,
  "estupendo": 4,
  "aterrorizado": -3,
  "terror": -3,
  "aterrorizar": -3,
  "aterrorizado": -3,
  "aterroriza": -3,
  "gracias": 2,
  "agradecido": 2,
  "Gracias": 2,
  "espinoso": -2,
  "pensativo": 2,
  "desconsiderado": -2,
  "amenaza": -2,
  "amenazar": -2,
  "amenazado": -2,
  "amenazante": -2,
  "amenaza": -2,
  "amenazas": -2,
  "emocionado": 5,
  "frustrar": -2,
  "frustrado": -2,
  "frustrando": -2,
  "frustra": -2,
  "tímido": -2,
  "timorato": -2,
  "cansado": -2,
  "tetas": -2,
  "tolerante": 2,
  "sin dientes": -2,
  "parte superior": 2,
  "tops": 2,
  "Rasgado": -2,
  "tortura": -4,
  "torturado": -4,
  "torturas": -4,
  "torturar": -4,
  "totalitario": -2,
  "totalitarismo": -2,
  "revendedor": -2,
  "promocionado": -2,
  "alabando": -2,
  "vende": -2,
  "tragedia": -2,
  "trágico": -2,
  "tranquilo": 2,
  "trampa": -1,
  "atrapado": -2,
  "trauma": -3,
  "traumático": -3,
  "parodia": -2,
  "traición": -3,
  "traidor": -3,
  "tesoro": 2,
  "tesoros": 2,
  "temblor": -2,
  "trémulo": -2,
  "bureado": -2,
  "astucia": -2,
  "triunfo": 4,
  "triunfante": 4,
  "problema": -2,
  "preocupado": -2,
  "nubes": -2,
  "CIERTO": 2,
  "confianza": 1,
  "confiado": 2,
  "tumor": -2,
  "coño": -5,
  "feo": -3,
  "inaceptable": -2,
  "no apreciado": -2,
  "no aprobado": -2,
  "inconsciente": -2,
  "increíble": -1,
  "incrédulo": -1,
  "imparcial": 2,
  "incierto": -1,
  "poco claro": -1,
  "incómodo": -2,
  "despreocupado": -2,
  "inconfirmado": -1,
  "no convencido": -1,
  "sin acreditar": -1,
  "indeciso": -1,
  "subestimar": -1,
  "subestimado": -1,
  "subestima": -1,
  "desestimación": -1,
  "socavar": -2,
  "socavado": -2,
  "mina": -2,
  "socavando": -2,
  "de poco mérito": -2,
  "indeseable": -2,
  "difícil": -2,
  "desempleo": -2,
  "desigual": -1,
  "inigualable": 2,
  "poco ético": -2,
  "injusto": -2,
  "desenfocado": -2,
  "incumplido": -2,
  "infeliz": -2,
  "insalubre": -2,
  "unificado": 1,
  "no impresionado": -2,
  "ininteligente": -2,
  "unido": 1,
  "injusto": -2,
  "no amable": -2,
  "no amado": -2,
  "sin par": 1,
  "desmotivado": -2,
  "no profesional": -2,
  "sin explorar": -2,
  "insatisfecho": -2,
  "sin garantía": -2,
  "inestable": -1,
  "no sofisticado": -2,
  "inestable": -2,
  "Imparable": 2,
  "sin soporte": -2,
  "inseguro": -1,
  "sin manchar": 2,
  "no deseado": -2,
  "indigno de": -2,
  "trastornado": -2,
  "molestias": -2,
  "molesto": -2,
  "tenso": -2,
  "urgente": -1,
  "útil": 2,
  "utilidad": 2,
  "inútil": -2,
  "inutilidad": -2,
  "vago": -2,
  "validar": 1,
  "validado": 1,
  "valida": 1,
  "validando": 1,
  "veredicto": -1,
  "veredictos": -1,
  "establecido": 1,
  "vejación": -2,
  "molesto": -2,
  "vibrante": 3,
  "vicioso": -2,
  "víctima": -3,
  "victimizar": -3,
  "victimizado": -3,
  "victimiza": -3,
  "victimización": -3,
  "víctimas": -3,
  "vigilante": 3,
  "vil": -3,
  "vindicar": 2,
  "vindicado": 2,
  "vindica": 2,
  "vindicando": 2,
  "violar": -2,
  "violado": -2,
  "viola": -2,
  "violando": -2,
  "violencia": -3,
  "violento": -3,
  "virtuoso": 2,
  "virulento": -2,
  "visión": 1,
  "visionario": 3,
  "visión": 1,
  "visiones": 1,
  "vitalidad": 3,
  "vitamina": 1,
  "vitriólico": -3,
  "vivaz": 3,
  "vociferante": -1,
  "vulnerabilidad": -2,
  "vulnerable": -2,
  "salir": -2,
  "huelgas": -2,
  "gilipollas": -3,
  "querer": 1,
  "guerra": -2,
  "guerra": -2,
  "calentar": 1,
  "calor": 2,
  "advertir": -2,
  "prevenido": -2,
  "advertencia": -3,
  "advertencias": -3,
  "advierte": -2,
  "residuos": -1,
  "vano": -2,
  "debilitante": -2,
  "vacilante": -1,
  "débiles": -2,
  "debilidad": -2,
  "riqueza": 3,
  "rico": 2,
  "cansado": -2,
  "llorar": -2,
  "llanto": -2,
  "extraño": -2,
  "Bienvenido": 2,
  "bienvenido": 2,
  "da la bienvenida": 2,
  "caprichoso": 1,
  "encalar": -3,
  "puta": -4,
  "malvado": -2,
  "viudo": -1,
  "complacencia": 2,
  "ganar": 4,
  "ganador": 4,
  "victorioso": 4,
  "gana": 4,
  "winwin": 3,
  "deseo": 1,
  "deseos": 1,
  "deseando": 1,
  "retirada": -3,
  "desconsolado": -2,
  "lamentable": -3,
  "won": 3,
  "maravilloso": 4,
  "cortejar": 3,
  "woohoo": 3,
  "wooo": 4,
  "chido": 4,
  "pasado": -1,
  "preocupado": -3,
  "preocupación": -3,
  "preocupante": -3,
  "peor": -3,
  "empeorar": -3,
  "empeorado": -3,
  "empeoramiento": -3,
  "empeora": -3,
  "adorado": 3,
  "peor": -3,
  "valor": 2,
  "sin valor": -2,
  "digno": 2,
  "Guau": 4,
  "wowow": 4,
  "wowww": 4,
  "colérico": -3,
  "ruina": -2,
  "incorrecto": -2,
  "explotado": -2,
  "wtf": -4,
  "sí": 1,
  "anhelo": 1,
  "yeees": 2,
  "sí": 1,
  "juvenil": 2,
  "asqueroso": -2,
  "sabroso": 3,
  "fanático": -2,
  "fanáticos": -2,
  "celoso": 2
}