{
  "kiamat": -6,
  "akhirat": -5,
  "anjing": -5,
  "anjing betina": -5,
  "anjing-anjing": -5,
  "bajingan": -5,
  "bangsat": -5,
  "bedebah": -5,
  "dibunuh": -5,
  "ditakdirkan mati": -5,
  "jablay": -5,
  "jablay-jablay": -5,
  "kemaluan laki-laki": -5,
  "kemaluan wanita": -5,
  "kemusnahan": -5,
  "kontol": -5,
  "neraka": -5,
  "ngomel-ngomel": -5,
  "orang menyebalkan": -5,
  "para bajingan": -5,
  "pecun-pecun": -5,
  "pelacur": -5,
  "penyakit tumor": -5,
  "perek": -5,
  "perempuan cabul": -5,
  "perempuan jalang": -5,
  "wanita jalang": -5,
  "yang menimbulkan bencana": -5,
  "yang menimbulkan malapetaka": -5,
  "amarah": -4,
  "asusila": -4,
  "berengsek": -4,
  "bersetubuh": -4,
  "brengsek": -4,
  "bunuh diri": -4,
  "cabul": -4,
  "cat kapur": -4,
  "diancuk": -4,
  "dibenci": -4,
  "dibuat tidak manusiawi": -4,
  "dikutuk": -4,
  "dipenggal": -4,
  "diperbudak": -4,
  "dipermalukan": -4,
  "gila-gilaan": -4,
  "harakiri": -4,
  "homo bangsat": -4,
  "indoktrinasi": -4,
  "jalang": -4,
  "kemurkaan": -4,
  "keparat": -4,
  "kesedihan yang mendalam": -4,
  "kutuk": -4,
  "kutukan": -4,
  "marah besar": -4,
  "membuat tidak manusiawi": -4,
  "memenggal": -4,
  "memperbudak": -4,
  "memperkosa": -4,
  "mempermalukan": -4,
  "mencacati": -4,
  "menggagahi": -4,
  "menggemparkan": -4,
  "menggila": -4,
  "menghukumkan": -4,
  "munafik": -4,
  "ngentot": -4,
  "paling gila": -4,
  "parah": -4,
  "pecun": -4,
  "pembulian": -4,
  "pemerkosa": -4,
  "penderitaan yang berat": -4,
  "penembakan": -4,
  "pengecewaan": -4,
  "pengeroyokan": -4,
  "penghancur": -4,
  "penghancuran": -4,
  "penghukuman": -4,
  "penyiksaan": -4,
  "perempuan-perempuan jalang": -4,
  "perkosa": -4,
  "perpecahan": -4,
  "persetubuhan": -4,
  "pertempuran": -4,
  "sengit sekali": -4,
  "si bangke": -4,
  "si bangsat": -4,
  "sialan": -4,
  "siksaan": -4,
  "sontak": -4,
  "sundal": -4,
  "tempur": -4,
  "terbebani": -4,
  "terbebankan": -4,
  "terhancurkan": -4,
  "terkutuk": -4,
  "tersiksa": -4,
  "yang menghancurkan": -4,
  "aib": -3,
  "air mata": -3,
  "algojo": -3,
  "amat": -3,
  "amat ketakutan": -3,
  "amukan": -3,
  "aneh": -3,
  "anjrit": -3,
  "apati": -3,
  "apatis": -3,
  "bacokan": -3,
  "balas dendam": -3,
  "banci": -3,
  "bangkang": -3,
  "bangkrut": -3,
  "begal": -3,
  "bego": -3,
  "belagu": -3,
  "bencana": -3,
  "bentrok": -3,
  "bentrokan": -3,
  "berang": -3,
  "berbahaya": -3,
  "berbohong": -3,
  "berbuat jahat": -3,
  "berdosa": -3,
  "berdusta": -3,
  "berengus": -3,
  "berjaga-jaga": -3,
  "berkata kasar": -3,
  "berkolusi": -3,
  "bermusuhan": -3,
  "berputus asa": -3,
  "bersikeras": -3,
  "bersikukuh": -3,
  "bertambah buruk": -3,
  "bertempur": -3,
  "berteriak": -3,
  "biadab": -3,
  "biasa-biasa saja": -3,
  "bikin tidur": -3,
  "bloon": -3,
  "bodol": -3,
  "bongak": -3,
  "borok": -3,
  "budak": -3,
  "bunuh": -3,
  "caci maki": -3,
  "carut": -3,
  "cekek": -3,
  "cemooh": -3,
  "ciut hati": -3,
  "cuai": -3,
  "dengan cepat": -3,
  "dengan menghina": -3,
  "dengki": -3,
  "destruktif": -3,
  "dianiaya": -3,
  "diazab": -3,
  "dibacok": -3,
  "dibebanjan": -3,
  "dibebankan": -3,
  "dibegal": -3,
  "dibuli": -3,
  "dicekek": -3,
  "dicela": -3,
  "dicemooh": -3,
  "dicurigai": -3,
  "didalangi": -3,
  "digentari": -3,
  "digorok": -3,
  "dihina": -3,
  "diingkari": -3,
  "dijelek-jelekin": -3,
  "dijelek-jelekkan": -3,
  "dikecewakan": -3,
  "dikhianati": -3,
  "dikorbankan": -3,
  "dilecehkan": -3,
  "dimanipulasi": -3,
  "dimusnahkan": -3,
  "dipalsukan": -3,
  "dipecat": -3,
  "diperparah": -3,
  "dipungkiri": -3,
  "dirusakkan": -3,
  "disayangkan": -3,
  "diselewengkan": -3,
  "disembah": -3,
  "disuap": -3,
  "ditakuti": -3,
  "ditawan": -3,
  "ditegur": -3,
  "ditembak": -3,
  "ditempurkan": -3,
  "ditikam": -3,
  "ditimpa": -3,
  "ditiru": -3,
  "dituduh": -3,
  "dizalimi": -3,
  "dongkol": -3,
  "duka cita": -3,
  "durhaka": -3,
  "dusta": -3,
  "egois": -3,
  "egoisme": -3,
  "fitnah": -3,
  "gadis nakal": -3,
  "galak": -3,
  "ganas": -3,
  "gawat": -3,
  "geblek": -3,
  "gelagapan": -3,
  "getir": -3,
  "goblok": -3,
  "gunjingan": -3,
  "gusar": -3,
  "hajaran": -3,
  "hamba": -3,
  "hancurkan": -3,
  "hilang harapan": -3,
  "hina": -3,
  "hingar bingar": -3,
  "histeria": -3,
  "histeris": -3,
  "homo": -3,
  "idiot": -3,
  "iri hati": -3,
  "jengkel": -3,
  "jerit": -3,
  "jeritan": -3,
  "jijik": -3,
  "jijik": -3,
  "kabur": -3,
  "kaku": -3,
  "kalah": -3,
  "karam": -3,
  "kata-kata kasar": -3,
  "keapatisan": -3,
  "kebiadaban": -3,
  "kebodohan": -3,
  "kecelakaan": -3,
  "kecelakaan": -3,
  "kecelakaan2": -3,
  "kecemasan": -3,
  "kecundangan": -3,
  "kecurangan": -3,
  "kefatalan": -3,
  "keganasan": -3,
  "kehilangan": -3,
  "kehilangan harapan": -3,
  "kehinaan": -3,
  "kejahatan": -3,
  "kejahatan berat": -3,
  "kejam": -3,
  "keji": -3,
  "kejijikan": -3,
  "kekalahan": -3,
  "kekejaman": -3,
  "kekerasan": -3,
  "kekhianatan": -3,
  "kemaluan": -3,
  "kemelaratan": -3,
  "kengerian": -3,
  "kepala batu": -3,
  "keputusasaan": -3,
  "kerugian": -3,
  "kesengsaraan": -3,
  "keserakahan": -3,
  "ketidak-pedulian": -3,
  "konflik": -3,
  "konspirasi": -3,
  "korban jiwa": -3,
  "koruptor bank": -3,
  "kotoran": -3,
  "kriminal": -3,
  "krisis": -3,
  "kupu-kupu malam": -3,
  "kurang ajar": -3,
  "kurang senonoh": -3,
  "lapuk": -3,
  "lebih gila": -3,
  "lebih jahat": -3,
  "lebih melarat": -3,
  "lepas": -3,
  "liar": -3,
  "luka berat": -3,
  "macet": -3,
  "makian": -3,
  "malapetaka": -3,
  "manipulasi": -3,
  "mara bahaya": -3,
  "mati": -3,
  "mati-matian": -3,
  "melarat": -3,
  "melecehkan": -3,
  "melengking": -3,
  "melukai hati": -3,
  "memalsukan": -3,
  "memanipulasi": -3,
  "memarahkan": -3,
  "mematikan": -3,
  "membabi buta": -3,
  "membahayakan": -3,
  "membangkah": -3,
  "membangkang": -3,
  "membegal": -3,
  "membenci": -3,
  "membencikan": -3,
  "memberatkan": -3,
  "membinasakan": -3,
  "membohongi": -3,
  "membuat marah": -3,
  "membuat penderitaan": -3,
  "membunuh": -3,
  "memburuk": -3,
  "memecat": -3,
  "memekik": -3,
  "mementingkan diri sendiri": -3,
  "memfitnah": -3,
  "memilukan": -3,
  "mempedulikan": -3,
  "memperasing": -3,
  "memperhina": -3,
  "memperkeruh": -3,
  "memperparah": -3,
  "memualkan": -3,
  "memuramkan": -3,
  "memurkakan": -3,
  "memurungkan": -3,
  "memusnahkan": -3,
  "menahan": -3,
  "menakuntukan": -3,
  "mencabut nyawa": -3,
  "mencaci": -3,
  "mencaci-maki": -3,
  "mencamuk": -3,
  "mencekek": -3,
  "mencela": -3,
  "mencemarkan nama": -3,
  "mencemooh": -3,
  "mencuci otak": -3,
  "mendadak takut": -3,
  "mendalangi": -3,
  "mendendam": -3,
  "menderita sekali": -3,
  "mendongkolkan": -3,
  "menelanjangi": -3,
  "menewaskan": -3,
  "mengaku ramah lingkungan": -3,
  "mengaku ramah terhadap alam": -3,
  "mengalahkan": -3,
  "mengamuk": -3,
  "menganiaya": -3,
  "mengazab": -3,
  "mengecewakan": -3,
  "mengecoh": -3,
  "mengesalkan": -3,
  "menggangu": -3,
  "menggembar-gemborkan": -3,
  "menggentari": -3,
  "menggorok": -3,
  "menghamba": -3,
  "menghina": -3,
  "mengingkari": -3,
  "mengkhawatirkan": -3,
  "mengkhianati": -3,
  "mengorbankan": -3,
  "mengucurkan air mata": -3,
  "mengutuk": -3,
  "meninggal": -3,
  "meniru": -3,
  "menista": -3,
  "menjadi buruk": -3,
  "menjadi korban": -3,
  "menjadi lebih buruk": -3,
  "menjadi-jadi": -3,
  "menjelekkan": -3,
  "menjengkeli": -3,
  "menjengkelkan": -3,
  "menjerit": -3,
  "menjijikan": -3,
  "menjijikkan": -3,
  "menusuk": -3,
  "menyakiti": -3,
  "menyakiti hati": -3,
  "menyala": -3,
  "menyayat hati": -3,
  "menyebabkan penderitaan": -3,
  "menyedihkan": -3,
  "menyelewengkan": -3,
  "menyembah": -3,
  "menyendirikan": -3,
  "menyengsarakan": -3,
  "menyesah": -3,
  "menyesatkan": -3,
  "menyinggung": -3,
  "menyuap": -3,
  "menzalimi": -3,
  "meracuni": -3,
  "merendahkan": -3,
  "merogol": -3,
  "merugikan nama": -3,
  "merusak nama baik": -3,
  "merusakkan": -3,
  "mesum": -3,
  "miskin": -3,
  "muak": -3,
  "mual": -3,
  "murka": -3,
  "murung": -3,
  "muslihat": -3,
  "musnah": -3,
  "musuh": -3,
  "naas": -3,
  "nekat": -3,
  "nestapa": -3,
  "nigga": -3,
  "nista": -3,
  "orang dungu": -3,
  "orang gila": -3,
  "orang nigga": -3,
  "orang pandir": -3,
  "orang yang berdosa": -3,
  "orang yang kalah": -3,
  "orng gila": -3,
  "pandir": -3,
  "panik": -3,
  "para kriminal": -3,
  "para pembohonh": -3,
  "para pembual": -3,
  "patah-hati": -3,
  "pecundang": -3,
  "pekik": -3,
  "pekikan": -3,
  "pemalsuan": -3,
  "pembalasan dendam": -3,
  "pembantah": -3,
  "pembatalan": -3,
  "pembenci": -3,
  "pembentrokan": -3,
  "pembohong": -3,
  "pembual": -3,
  "pembuli": -3,
  "pembunuhan": -3,
  "pembunuhan-pembunuhan": -3,
  "pemecatan": -3,
  "pencucian otak": -3,
  "pendendam": -3,
  "pendusta": -3,
  "pengacauan": -3,
  "pengaku ramah lingkungan": -3,
  "pengambilan kembali": -3,
  "penganiayaan": -3,
  "pengecohan": -3,
  "penghinaan": -3,
  "pengkhianatan": -3,
  "pengorbanan besar": -3,
  "pengrusakan": -3,
  "pengusiran": -3,
  "penipu": -3,
  "penkhianatan": -3,
  "penuh dosa": -3,
  "penutup-tutupan": -3,
  "penyakit buruk": -3,
  "penyalahan": -3,
  "penyangkal": -3,
  "penyelewengan": -3,
  "penyensoran": -3,
  "penyuapan": -3,
  "perbudakan": -3,
  "perempuan berang": -3,
  "perempuan cerewet": -3,
  "perempuan jahat": -3,
  "peristiwa sedih": -3,
  "perkara keji": -3,
  "perkosaan": -3,
  "permusuhan": -3,
  "protes keras": -3,
  "pseudosains": -3,
  "rasis": -3,
  "rasisme": -3,
  "remeh": -3,
  "remeh-temeh": -3,
  "resah": -3,
  "rugi": -3,
  "sangat efektif": -3,
  "sangat ketakutan": -3,
  "sangat mabuk": -3,
  "sangat menderita": -3,
  "sangat mengganggu": -3,
  "sangat sakit": -3,
  "secara putus asa": -3,
  "sedih": -3,
  "sembarangan": -3,
  "sengsara": -3,
  "serakah": -3,
  "siake": -3,
  "siksa": -3,
  "sinis": -3,
  "sinting": -3,
  "sinyal": -3,
  "skandal": -3,
  "sobek": -3,
  "songong": -3,
  "standar": -3,
  "stres": -3,
  "suap": -3,
  "suci": -3,
  "suka bertengkar": -3,
  "sumpah palsu": -3,
  "suram": -3,
  "tanpa kegembiraan": -3,
  "tanpa keriaan": -3,
  "tawan": -3,
  "terbunuh": -3,
  "terburuk": -3,
  "tercenggang": -3,
  "terhina": -3,
  "terjerat": -3,
  "terlambat": -3,
  "termangu": -3,
  "termelarat": -3,
  "terperanjat": -3,
  "terperdaya": -3,
  "terpojok": -3,
  "terpukul": -3,
  "tersakiti hati": -3,
  "tersayat hati": -3,
  "tersesat": -3,
  "tersinggung": -3,
  "tewas": -3,
  "tidak bergairah": -3,
  "tidak bermutu": -3,
  "tidak berpikir": -3,
  "tidak menarik": -3,
  "tidak pantas": -3,
  "tidak perduli": -3,
  "tidak sah": -3,
  "tidak senang": -3,
  "tidak tahan": -3,
  "tidak tahu apa-apa": -3,
  "tolol": -3,
  "tukang bohong": -3,
  "tukang onar": -3,
  "tumbal": -3,
  "tuna susila": -3,
  "tuntutan": -3,
  "umpan": -3,
  "wafat": -3,
  "yang dusta": -3,
  "yang membuat penderitaan": -3,
  "yang menjengkelkan": -3,
  "yang menyebabkan penderitaan": -3,
  "zat gizi": -3,
  "abai": -2,
  "abaikan": -2,
  "acuh tak acuh": -2,
  "aduh": -2,
  "agresi": -2,
  "agresif": -2,
  "ahmak": -2,
  "air kapur": -2,
  "air kencing": -2,
  "air seni": -2,
  "alarm": -2,
  "alergi": -2,
  "amanat": -2,
  "ambruk": -2,
  "anak buah": -2,
  "ancam": -2,
  "ancaman": -2,
  "angker": -2,
  "angkuh": -2,
  "antagonis": -2,
  "apes": -2,
  "api": -2,
  "apokaliptik": -2,
  "aral": -2,
  "arik": -2,
  "arogan": -2,
  "asing": -2,
  "bacul": -2,
  "bagi pribadi": -2,
  "bahaya": -2,
  "bajak": -2,
  "bandel": -2,
  "banyak kekurangan": -2,
  "banyak problem": -2,
  "bawahan": -2,
  "bawel": -2,
  "bebal": -2,
  "beban": -2,
  "beban terlalu berat": -2,
  "belas kasihan": -2,
  "belum jelas": -2,
  "benci": -2,
  "bengis": -2,
  "benjut": -2,
  "berabe": -2,
  "beralamat buruk": -2,
  "berantakan": -2,
  "berat sebelah": -2,
  "berbau busuk": -2,
  "berbuat salah": -2,
  "berdarah": -2,
  "berduka": -2,
  "berduka": -2,
  "berduka cita": -2,
  "berduri": -2,
  "bereaksi berlebihan": -2,
  "berfaedah": -2,
  "bergantung": -2,
  "berhati terluka": -2,
  "berhenti": -2,
  "berisik": -2,
  "berita palsu": -2,
  "berjiwa muda": -2,
  "berkabung": -2,
  "berkecil hati": -2,
  "berkekurangan": -2,
  "berkelahi": -2,
  "berlaku tak pantas": -2,
  "berlawanan": -2,
  "bernafsu": -2,
  "berontak": -2,
  "berpatah semangat": -2,
  "berperilaku kejam": -2,
  "berpusing pusing": -2,
  "bersaing": -2,
  "bersalah": -2,
  "bersandiwara": -2,
  "bersatu": -2,
  "bersedih": -2,
  "berselisih": -2,
  "bersifat menyerang": -2,
  "bersungut": -2,
  "bertabrakan": -2,
  "bertarung": -2,
  "bertengkar perasaan": -2,
  "bertentangan": -2,
  "berteriak": -2,
  "bertingkah": -2,
  "bertrubukan": -2,
  "berubah": -2,
  "berubah-ubah sifat": -2,
  "biaya": -2,
  "bimbang": -2,
  "binasa": -2,
  "bisa dibantah": -2,
  "bising": -2,
  "bodoh": -2,
  "bohong": -2,
  "boikot": -2,
  "bosan": -2,
  "boyak": -2,
  "buang": -2,
  "buang-buang": -2,
  "bukan main": -2,
  "buli": -2,
  "buncah": -2,
  "buram": -2,
  "buruk": -2,
  "buruk sekali": -2,
  "busuk": -2,
  "cabik": -2,
  "cabut": -2,
  "cacat": -2,
  "campah": -2,
  "canggung": -2,
  "capek": -2,
  "cedera": -2,
  "cekcok": -2,
  "cemas": -2,
  "cemburu": -2,
  "cemburuan": -2,
  "cerca": -2,
  "cerita sedih": -2,
  "ceroboh": -2,
  "ceruk": -2,
  "cibiran": -2,
  "congkak": -2,
  "contekan": -2,
  "cuci otak": -2,
  "cupu": -2,
  "curang": -2,
  "curian": -2,
  "curiga": -2,
  "dalam keadaan sulit": -2,
  "dambaan": -2,
  "dapat dibantah": -2,
  "darurat": -2,
  "defisit": -2,
  "degradasi": -2,
  "demoralisasi": -2,
  "denda": -2,
  "dendam": -2,
  "dengan payah hati": -2,
  "dengan sedih": -2,
  "dengan susah hati": -2,
  "derita": -2,
  "desah": -2,
  "desakan": -2,
  "desas-desus": -2,
  "diakali": -2,
  "diancam": -2,
  "dibahayakan": -2,
  "dibajak": -2,
  "dibantah": -2,
  "dibatalkan": -2,
  "dibebani": -2,
  "diberatkan": -2,
  "diberhentikan": -2,
  "dibiayai": -2,
  "dibiayakan": -2,
  "dibingungkan": -2,
  "dibodohi": -2,
  "diboikot": -2,
  "dibuang": -2,
  "dibuat kasar": -2,
  "dibujuk": -2,
  "dicampakkan": -2,
  "dicegat": -2,
  "dicekcokan": -2,
  "dicekik": -2,
  "dicemaskan": -2,
  "dicerca": -2,
  "dicontek": -2,
  "dicopet": -2,
  "dicuekin": -2,
  "diculik": -2,
  "dicurangi": -2,
  "didenda": -2,
  "didiskualifikasi": -2,
  "didiskualifikasikan": -2,
  "diejek": -2,
  "dieksploitasi": -2,
  "dielak": -2,
  "digampangkan": -2,
  "digembar-gembor": -2,
  "digerogoti": -2,
  "dihambat": -2,
  "dihancurkan": -2,
  "dihantui": -2,
  "dihapuskan": -2,
  "dihasut": -2,
  "dihentikan": -2,
  "dihukum": -2,
  "diindoktrinasi": -2,
  "diinterogasi": -2,
  "diiris": -2,
  "dijatuhkan": -2,
  "dijauhi": -2,
  "dikacaukan": -2,
  "dikalahkan": -2,
  "dikasihani": -2,
  "dikeluarkan": -2,
  "dikenakan": -2,
  "dikomplain": -2,
  "dikritik": -2,
  "dilalaikan": -2,
  "dilanda": -2,
  "dilanggar": -2,
  "dilarang": -2,
  "dilarang masuk": -2,
  "dilawan": -2,
  "dilelahkan": -2,
  "dilemahkan": -2,
  "dilenyapkan": -2,
  "dilepas": -2,
  "dilintangi": -2,
  "dilumpuhkan": -2,
  "dilupakan": -2,
  "dimaling": -2,
  "dimanfaatkan": -2,
  "dimarahi": -2,
  "dimonopoli": -2,
  "dimuntahkan": -2,
  "dimusuhi": -2,
  "dipaksa": -2,
  "dipaksakan": -2,
  "dipengaruhi": -2,
  "dipenjara": -2,
  "diperdaya": -2,
  "diperhambakan": -2,
  "diperingatkan": -2,
  "diperolokkan": -2,
  "diperselisihkan": -2,
  "dipikat hatinya": -2,
  "dipojokan": -2,
  "diracuni": -2,
  "dirampas": -2,
  "dirampok": -2,
  "dirangsang": -2,
  "dirayu": -2,
  "diremehkan": -2,
  "diremukan": -2,
  "dirintangi": -2,
  "dirobohkan": -2,
  "dirubah": -2,
  "dirugikan": -2,
  "dirusak": -2,
  "disadari": -2,
  "disadarkan": -2,
  "disalahgunakan": -2,
  "disalahkan": -2,
  "disalahpahami": -2,
  "disangkal": -2,
  "disangsikan": -2,
  "disayat": -2,
  "disedihkan": -2,
  "disegani": -2,
  "diselisihkan": -2,
  "disensor": -2,
  "diserbu": -2,
  "disfungsi": -2,
  "disfungsional": -2,
  "disiksa": -2,
  "disingkirkan": -2,
  "disita": -2,
  "diskriminasi rasial": -2,
  "diskriminasi warna kulit": -2,
  "diskualifikasi": -2,
  "disumpal": -2,
  "disusahkan": -2,
  "ditakutkan": -2,
  "ditanamkan": -2,
  "ditanggalkan": -2,
  "ditangguhkan": -2,
  "ditangisi": -2,
  "ditangkal": -2,
  "ditangkap": -2,
  "ditangkis": -2,
  "ditantang": -2,
  "ditantangi": -2,
  "ditanyai": -2,
  "ditanya-tanya": -2,
  "ditarik kembali": -2,
  "ditekan": -2,
  "ditenggelamkan": -2,
  "diteror": -2,
  "ditertawakan": -2,
  "ditiadakan": -2,
  "ditindas": -2,
  "ditinggalkan": -2,
  "ditipu": -2,
  "ditolak": -2,
  "ditumpulkan": -2,
  "dituntut": -2,
  "dogol": -2,
  "duka": -2,
  "dukacita": -2,
  "dungu": -2,
  "durjana": -2,
  "edan": -2,
  "ejek": -2,
  "erang": -2,
  "erangan": -2,
  "fasid": -2,
  "fasis": -2,
  "flu": -2,
  "fobia": -2,
  "frustasi": -2,
  "ga seru": -2,
  "gaduh": -2,
  "gagal": -2,
  "gagalnya": -2,
  "gak suka": -2,
  "ganggu": -2,
  "gangguan": -2,
  "gangguan gangguan": -2,
  "ganjil": -2,
  "gatal": -2,
  "gebukan": -2,
  "gegabah": -2,
  "gelandangan": -2,
  "gelisah": -2,
  "gembar-gembor": -2,
  "gembel": -2,
  "gemuk": -2,
  "gendut": -2,
  "gentar": -2,
  "gentaran": -2,
  "geram": -2,
  "gersang": -2,
  "gertakan": -2,
  "getaran": -2,
  "gila": -2,
  "goncang": -2,
  "goyah": -2,
  "goyang": -2,
  "gugat": -2,
  "habis": -2,
  "hampa": -2,
  "hancur": -2,
  "hantam": -2,
  "harried": -2,
  "haru-biru": -2,
  "hasutan": -2,
  "hempas": -2,
  "hilang": -2,
  "hilang semangat": -2,
  "hilap": -2,
  "hingar": -2,
  "hiruk-pikuk": -2,
  "hujan es": -2,
  "hukum": -2,
  "hukuman": -2,
  "hukuman": -2,
  "huru-hara": -2,
  "hutang": -2,
  "imperfek": -2,
  "impoten": -2,
  "ingkar": -2,
  "insomnia": -2,
  "interogatif": -2,
  "intimidasi": -2,
  "intip": -2,
  "iri": -2,
  "iri": -2,
  "iritasi": -2,
  "jahat": -2,
  "jahil": -2,
  "jail": -2,
  "jalan buntu": -2,
  "janggal": -2,
  "jatuh": -2,
  "jelek": -2,
  "jorok": -2,
  "kambing hitam": -2,
  "kangen rumah": -2,
  "kasar": -2,
  "kasar": -2,
  "kasihan": -2,
  "keadaan darurat": -2,
  "keadaan memalukan": -2,
  "kebas": -2,
  "kebencian": -2,
  "kebocoran": -2,
  "kebohongan": -2,
  "kebosanan": -2,
  "kebutahurufan": -2,
  "kecapaian": -2,
  "kecemburuan": -2,
  "kecewa": -2,
  "kedongkolan": -2,
  "kedunguan": -2,
  "kegaduhan": -2,
  "kegagalan": -2,
  "kegelisahan": -2,
  "kegemukan": -2,
  "kegendutan": -2,
  "kegeraman": -2,
  "kegusaran": -2,
  "kehancuran": -2,
  "kehendak": -2,
  "kehilapan": -2,
  "kejadian": -2,
  "kejahilan": -2,
  "kejang": -2,
  "kejatuhan": -2,
  "kejebak": -2,
  "kejelekan": -2,
  "kejengahan": -2,
  "kejengkelan": -2,
  "kekacauan": -2,
  "kekanan-kanakan": -2,
  "kekecewaan": -2,
  "kekesalan": -2,
  "kekhawatiran": -2,
  "kekuatan gaib": -2,
  "kekurangan": -2,
  "kelabu": -2,
  "kelambatan": -2,
  "kelaparan": -2,
  "kelebihan muatan": -2,
  "kelelahan": -2,
  "kelesuan": -2,
  "kelesuan pikiran": -2,
  "keluar rel": -2,
  "keluh": -2,
  "kemalangan": -2,
  "kemarahan": -2,
  "kemasygulan": -2,
  "kematian": -2,
  "kemiskinan": -2,
  "kemunafikan": -2,
  "kencing": -2,
  "kendor": -2,
  "kepanikan": -2,
  "kepedihan": -2,
  "kepepet": -2,
  "kepincut": -2,
  "kepusingan": -2,
  "keputus-asaan": -2,
  "keracunan": -2,
  "keras kepala": -2,
  "kerepotan": -2,
  "kerisauan": -2,
  "kerusuhan": -2,
  "kesadaran": -2,
  "kesah": -2,
  "kesakitan": -2,
  "kesalahan": -2,
  "kesasar": -2,
  "kesedihan": -2,
  "kesepian": -2,
  "kesesakan": -2,
  "kesukaran": -2,
  "kesulitan": -2,
  "kesuraman": -2,
  "kesusahan": -2,
  "ketakutan": -2,
  "ketegangan": -2,
  "keterbatasan": -2,
  "ketiadaan": -2,
  "ketidak berdayaan": -2,
  "ketidak hormatan": -2,
  "ketidak jujuran": -2,
  "ketidak puasan": -2,
  "ketidak sopanan": -2,
  "ketidak sukaan": -2,
  "ketidakacuhan": -2,
  "ketidakadilan": -2,
  "ketidakcakapan": -2,
  "ketidakmampuan": -2,
  "ketidakpedulian": -2,
  "ketidakpekaan": -2,
  "ketidakprigelan": -2,
  "ketidak-puasan": -2,
  "ketidaksadaran": -2,
  "ketidak-senangan": -2,
  "ketidak-sukaan": -2,
  "ketinggalan jaman": -2,
  "ketinggalan waktu": -2,
  "ketipu": -2,
  "ketularan": -2,
  "khawatir": -2,
  "khilaf": -2,
  "kikir": -2,
  "klise": -2,
  "komplain": -2,
  "kondisi menurun": -2,
  "kongkalingkong": -2,
  "kontensius": -2,
  "kontroversial": -2,
  "konyol": -2,
  "korban": -2,
  "koreng": -2,
  "korsleting": -2,
  "kotor": -2,
  "koyak": -2,
  "kraman": -2,
  "kritik": -2,
  "kritikan": -2,
  "kuatir": -2,
  "kumuh": -2,
  "kuno": -2,
  "kurang baik": -2,
  "kurang bergizi": -2,
  "kurang cerdas": -2,
  "kurang peka": -2,
  "kurang percaya": -2,
  "kurang sehat": -2,
  "kurungan": -2,
  "kusut": -2,
  "labil": -2,
  "lamban": -2,
  "lambat": -2,
  "lancang": -2,
  "larangan": -2,
  "lebam": -2,
  "lebay": -2,
  "lebih gembel": -2,
  "lebih jelek": -2,
  "lebih jorok": -2,
  "lebih keras": -2,
  "lebih kotor": -2,
  "lebih miskin": -2,
  "lebih rendah": -2,
  "lelet": -2,
  "lemah": -2,
  "lemah syahwat": -2,
  "lembek": -2,
  "lenyap": -2,
  "lesu": -2,
  "letih": -2,
  "letih": -2,
  "lihai": -2,
  "limitasi": -2,
  "lintah darat": -2,
  "los": -2,
  "loyo": -2,
  "lumpuh": -2,
  "lupa": -2,
  "mager": -2,
  "maling": -2,
  "malu": -2,
  "mangabaikan": -2,
  "mangsa": -2,
  "mara": -2,
  "marah": -2,
  "marahin": -2,
  "masa": -2,
  "masa bodoh": -2,
  "masalah-masalah": -2,
  "mati": -2,
  "mati kutu": -2,
  "mati rasa": -2,
  "maut": -2,
  "medit": -2,
  "melabur": -2,
  "melakukan monopoli": -2,
  "melambat": -2,
  "melanggar hukum": -2,
  "melankolis": -2,
  "melaporkan": -2,
  "melarang": -2,
  "melarang masuk": -2,
  "melawan": -2,
  "melawan asas": -2,
  "melebih-lebihkan": -2,
  "melelahkan": -2,
  "melemahkan": -2,
  "melempem": -2,
  "melenyapkan": -2,
  "melepas": -2,
  "melepaskan": -2,
  "melintang": -2,
  "melolong": -2,
  "meloncat keluar": -2,
  "melumpuhkan": -2,
  "melupakan": -2,
  "memabukkan": -2,
  "memalukan": -2,
  "memanaskan": -2,
  "memandang rendah": -2,
  "memanfaatkan": -2,
  "memarahi": -2,
  "mematahkan semangat": -2,
  "membajak": -2,
  "membangkitkan amarah": -2,
  "membatali": -2,
  "membatalkan": -2,
  "membatasi": -2,
  "membebani": -2,
  "membebankan": -2,
  "memberhentikan": -2,
  "membesar-besarkan": -2,
  "membiarkan": -2,
  "membiayai": -2,
  "membiayakan": -2,
  "membingungkan": -2,
  "membisu": -2,
  "membobol": -2,
  "membocorkan": -2,
  "membodohi": -2,
  "memboikot": -2,
  "membosankan": -2,
  "membuang-buang": -2,
  "membuangkan": -2,
  "membuat kasar": -2,
  "membujuk": -2,
  "membuncah": -2,
  "memikul": -2,
  "memikulkan": -2,
  "memonopoli": -2,
  "mempan": -2,
  "memperberat": -2,
  "memperburuk": -2,
  "mempercekcokan": -2,
  "memperdaya": -2,
  "memperdayakan": -2,
  "memperhambakan": -2,
  "memperingatkan": -2,
  "memperketat": -2,
  "memperlambat": -2,
  "memperolokkan": -2,
  "memperselisihkan": -2,
  "mempersoalkan": -2,
  "mempertiadakan": -2,
  "memprotes": -2,
  "memprovokasi": -2,
  "memukul": -2,
  "memungkiri": -2,
  "memuntahkan": -2,
  "memusingkan": -2,
  "memutar balikan": -2,
  "memutuskan": -2,
  "memvonis": -2,
  "menakutkan": -2,
  "menanggalkan": -2,
  "menangguhkan": -2,
  "menangkal": -2,
  "menangkap": -2,
  "menangkis": -2,
  "menantang": -2,
  "mencabuli": -2,
  "mencabut": -2,
  "mencatut": -2,
  "mencegat": -2,
  "mencekcokan": -2,
  "mencekoki": -2,
  "mencelakan": -2,
  "mencemari": -2,
  "mencemaskan": -2,
  "mencemburui": -2,
  "mencerca": -2,
  "mencibir": -2,
  "mencolong": -2,
  "mencopet": -2,
  "mencurigai": -2,
  "mencurigakan": -2,
  "menderita": -2,
  "mendesah": -2,
  "mendesak": -2,
  "mendesing": -2,
  "mendung": -2,
  "menegangkan": -2,
  "menekan": -2,
  "meneledorkan": -2,
  "menembak": -2,
  "menenggelamkan": -2,
  "meneror": -2,
  "mengabaikan": -2,
  "mengabaikan": -2,
  "mengaburkan diri": -2,
  "mengacaukan": -2,
  "mengadu": -2,
  "mengakui": -2,
  "mengalihkan": -2,
  "mengancam": -2,
  "menganggap kecil": -2,
  "menganggu": -2,
  "mengapur": -2,
  "mengarang": -2,
  "mengasap": -2,
  "mengasihani": -2,
  "mengecam": -2,
  "mengecilkan hati": -2,
  "mengejek": -2,
  "mengejutkan": -2,
  "mengeksploitasi": -2,
  "mengelak": -2,
  "mengeluarkan": -2,
  "mengeluh": -2,
  "mengerang": -2,
  "mengerikan": -2,
  "mengetatkan": -2,
  "menggagalkan": -2,
  "menggampangkan": -2,
  "mengganggu": -2,
  "mengganggu": -2,
  "mengganggu pikiran": -2,
  "menggasak": -2,
  "menggelincirkan": -2,
  "menggelisahkan": -2,
  "menggentarkan": -2,
  "menggeramkan": -2,
  "menggerdam": -2,
  "menggerogoti": -2,
  "menggerutu": -2,
  "menggiurkan": -2,
  "menggonggong": -2,
  "menggugat": -2,
  "menghambat": -2,
  "menghancurkan": -2,
  "menghantam": -2,
  "menghantui": -2,
  "menghapuskan": -2,
  "menghasut": -2,
  "menghebohkan": -2,
  "menghempaskan": -2,
  "mengherankan": -2,
  "menghilangkan semangat": -2,
  "menghukum": -2,
  "mengindoktrinasi": -2,
  "mengindoktrinasikan": -2,
  "mengindoktrinir": -2,
  "mengintimidasi": -2,
  "mengkacaukan": -2,
  "mengkelirukan": -2,
  "mengkritik": -2,
  "mengolok-olok": -2,
  "mengotori": -2,
  "mengulur": -2,
  "mengumpat": -2,
  "mengumumkan": -2,
  "mengungkap": -2,
  "mengungkapkan": -2,
  "mengusir": -2,
  "meniadakan": -2,
  "menikam": -2,
  "menimbun": -2,
  "menindas": -2,
  "meninggalkan": -2,
  "menipu": -2,
  "menipu diri sendiri": -2,
  "menjatuhkan": -2,
  "menjauhi": -2,
  "menjauhkan diri": -2,
  "menjebak": -2,
  "menjemukan": -2,
  "menjengkelkan": -2,
  "menjerat": -2,
  "menolak": -2,
  "menskors": -2,
  "menuduh": -2,
  "menular": -2,
  "menumpulkan": -2,
  "menuntut": -2,
  "menurunkan": -2,
  "menyadarkan": -2,
  "menyakitkan": -2,
  "menyakitkan hati": -2,
  "menyalahgunakan": -2,
  "menyalahkan": -2,
  "menyambar": -2,
  "menyandung": -2,
  "menyangat": -2,
  "menyangkal": -2,
  "menyangsikan": -2,
  "menyayangkan": -2,
  "menyayat": -2,
  "menyebalkan": -2,
  "menyebar": -2,
  "menyebarkan desas-desus": -2,
  "menyegani": -2,
  "menyela": -2,
  "menyemprot": -2,
  "menyensor": -2,
  "menyesakkan nafas": -2,
  "menyesal": -2,
  "menyesali": -2,
  "menyiksa": -2,
  "menyinggung perasaan": -2,
  "menyingkap": -2,
  "menyingkapkan": -2,
  "menyingkirkan": -2,
  "menyita": -2,
  "menyontek": -2,
  "menyumpah": -2,
  "menyuramkan": -2,
  "meradang": -2,
  "meragukan": -2,
  "merajuk": -2,
  "merampas": -2,
  "merampok": -2,
  "merangsang": -2,
  "merasa tidak puas": -2,
  "meraung": -2,
  "meremehkan": -2,
  "meremukan": -2,
  "merepotkan": -2,
  "meretas": -2,
  "merintih": -2,
  "merisaukan": -2,
  "merubah": -2,
  "merubahkan": -2,
  "merusak": -2,
  "mogok": -2,
  "monopoli": -2,
  "mudah diserang": -2,
  "mudah ditipu": -2,
  "mudah terluka": -2,
  "mudah tertipu": -2,
  "muntah": -2,
  "muntahan": -2,
  "murah hati": -2,
  "muram": -2,
  "nahas": -2,
  "nakal": -2,
  "nama buruk": -2,
  "negatif": -2,
  "negro": -2,
  "ngeri": -2,
  "ngeselin": -2,
  "ngomel": -2,
  "obsolet": -2,
  "olok": -2,
  "omong kosong": -2,
  "orang aneh": -2,
  "orang berkulit hitam": -2,
  "orang bodoh": -2,
  "orang sakit": -2,
  "orang yang bersalah": -2,
  "pahit": -2,
  "pahit sekali": -2,
  "paksa": -2,
  "paling buruk": -2,
  "paling jorok": -2,
  "paling keras": -2,
  "paling kotor": -2,
  "palsu": -2,
  "para penggelisah": -2,
  "para penjahat": -2,
  "parah": -2,
  "parodi": -2,
  "patah hati": -2,
  "patah semangat": -2,
  "patut": -2,
  "peduli": -2,
  "peelawanan": -2,
  "pegal": -2,
  "peka sekali": -2,
  "pelaku kejahatan": -2,
  "pelanggar": -2,
  "pelanggaran": -2,
  "pelarangan": -2,
  "pelengahan": -2,
  "pelit": -2,
  "pelupa": -2,
  "pemalu": -2,
  "pembajakan": -2,
  "pembalasan": -2,
  "pembatas": -2,
  "pemberontakan": -2,
  "pembiayaan": -2,
  "pemboikotan": -2,
  "pemborosan": -2,
  "pembuangan": -2,
  "pembunuh": -2,
  "pemicu stres": -2,
  "pemikiran dangkal": -2,
  "pemogok": -2,
  "pemogokan": -2,
  "pemukulan": -2,
  "penakut": -2,
  "penangkapan": -2,
  "penarikan": -2,
  "pencemar": -2,
  "pencercaan": -2,
  "penculikan": -2,
  "pencurian": -2,
  "pendek pikiran": -2,
  "penderitaan": -2,
  "pendiskualifikasian": -2,
  "penebusan": -2,
  "penekanan": -2,
  "pengabaian": -2,
  "pengacau": -2,
  "pengangguran": -2,
  "pengaruh buruk": -2,
  "pengasapan": -2,
  "pengasingan": -2,
  "pengecut": -2,
  "pengganggu": -2,
  "penggelisah": -2,
  "penghambatan": -2,
  "penghukum": -2,
  "pengikut setia": -2,
  "pengkritik": -2,
  "pengkritikan": -2,
  "pengunduran": -2,
  "penipu": -2,
  "penipuan": -2,
  "penjaga": -2,
  "penjahat": -2,
  "penjara": -2,
  "penjatuhan": -2,
  "penjebak": -2,
  "penolak": -2,
  "penolakan": -2,
  "penuduhan": -2,
  "penuh kesulitan": -2,
  "penuh sesal": -2,
  "penularan": -2,
  "penuntutan": -2,
  "penuntutan perkara": -2,
  "penyadaran": -2,
  "penyakit": -2,
  "penyakit gila": -2,
  "penyalahgunaan": -2,
  "penyalahgunaan": -2,
  "penyederhanaan yang berlebihan": -2,
  "penyelidikan": -2,
  "penyerangan": -2,
  "penyesalan": -2,
  "penyitaan": -2,
  "peok": -2,
  "peot": -2,
  "perampas": -2,
  "perampok": -2,
  "perang": -2,
  "perangkap": -2,
  "percekcokan": -2,
  "peretasan": -2,
  "perih": -2,
  "peringatan": -2,
  "perintah": -2,
  "perintang": -2,
  "perkara hukum": -2,
  "pernyataan yang berlebihan": -2,
  "perongrongan": -2,
  "persaingan": -2,
  "perselisihan": -2,
  "pertentangan": -2,
  "perusakan": -2,
  "pesimis": -2,
  "petaka": -2,
  "pilek": -2,
  "pilu": -2,
  "pilu hati": -2,
  "pinalti": -2,
  "pincang": -2,
  "posesif": -2,
  "potongan": -2,
  "problem": -2,
  "propaganda": -2,
  "protes": -2,
  "pukulan": -2,
  "putus asa": -2,
  "putus-putus": -2,
  "rabun ayam": -2,
  "racun": -2,
  "ragu": -2,
  "ragu - ragu": -2,
  "ragu-ragu": -2,
  "rajuk": -2,
  "rampas": -2,
  "rampok": -2,
  "rapuh": -2,
  "rasa ngeri": -2,
  "rasa sesal": -2,
  "reaksi berlebihan": -2,
  "redup": -2,
  "remuk": -2,
  "rendahan": -2,
  "renggang": -2,
  "rentan": -2,
  "repot": -2,
  "reruntuhan": -2,
  "rese": -2,
  "ribut": -2,
  "rindu": -2,
  "rindu rumah": -2,
  "rintangan": -2,
  "risau": -2,
  "risiko": -2,
  "robek": -2,
  "roboh": -2,
  "rongseng": -2,
  "rongsok": -2,
  "ruam": -2,
  "rumit": -2,
  "rungsing": -2,
  "runtuh": -2,
  "rusuh": -2,
  "sabotase": -2,
  "sadar": -2,
  "sakit akal": -2,
  "sakit hati": -2,
  "sakit jiwa": -2,
  "salah": -2,
  "salah memahami": -2,
  "salah paham": -2,
  "salah paham": -2,
  "salah sangka": -2,
  "salah tafsir": -2,
  "salting": -2,
  "sangat marah": -2,
  "sangsi": -2,
  "sarkas": -2,
  "sarkastik": -2,
  "sebal": -2,
  "secara bodoh": -2,
  "secara kontroversial": -2,
  "secara pengecut": -2,
  "secara tolol": -2,
  "sedang": -2,
  "sedang bertabrakan": -2,
  "sedang dihancurkan": -2,
  "sedang jatuh": -2,
  "sela": -2,
  "selisih": -2,
  "sembrono": -2,
  "semprot": -2,
  "semrawut": -2,
  "sendiri": -2,
  "senewen": -2,
  "sensor": -2,
  "seorang fasis": -2,
  "sepele": -2,
  "serangan": -2,
  "sesak": -2,
  "sesal": -2,
  "setan": -2,
  "si kampret": -2,
  "si rese": -2,
  "sial": -2,
  "sia-sia": -2,
  "sinisme": -2,
  "sita": -2,
  "skeptis": -2,
  "sombong": -2,
  "spam": -2,
  "spekulasi": -2,
  "spekulatif": -2,
  "stagnan": -2,
  "stereotip": -2,
  "suka berdebat": -2,
  "suka berpekara": -2,
  "sukar": -2,
  "sulit tidur": -2,
  "sunyi": -2,
  "susah": -2,
  "susah tidur": -2,
  "syok": -2,
  "tabrakan": -2,
  "tahan": -2,
  "tak ada artinya": -2,
  "tak adil": -2,
  "tak berarti": -2,
  "tak diharapkan": -2,
  "tak dihargai": -2,
  "tak dikehendaki": -2,
  "tak layak": -2,
  "tak masuk akal": -2,
  "tak puas": -2,
  "tak punya": -2,
  "takut": -2,
  "takziah": -2,
  "tampak sedih": -2,
  "tanah": -2,
  "tandus": -2,
  "tangis": -2,
  "tangkal": -2,
  "tangkap": -2,
  "tanpa belas kasihan": -2,
  "tawanan": -2,
  "tebal kulit": -2,
  "tegang": -2,
  "tekanan": -2,
  "telah hancur": -2,
  "telantar": -2,
  "telat": -2,
  "tembak": -2,
  "tenggelam": -2,
  "tentang": -2,
  "terabai": -2,
  "terabaikan": -2,
  "teralihkan": -2,
  "terancam": -2,
  "terasing": -2,
  "terbahaya": -2,
  "terbengkalai": -2,
  "terbuang": -2,
  "terbuang-buang": -2,
  "terbujuk": -2,
  "terburu-buru": -2,
  "tercekik": -2,
  "tercemar": -2,
  "terdampak": -2,
  "terdegradasi": -2,
  "terdesak": -2,
  "terendah": -2,
  "tergagalkan": -2,
  "terganggu": -2,
  "tergelap": -2,
  "tergelincir": -2,
  "tergembel": -2,
  "tergencat": -2,
  "tergesa-gesa": -2,
  "tergoncang": -2,
  "terhenti": -2,
  "terhukum": -2,
  "teriak": -2,
  "teriakan": -2,
  "terinfeksi": -2,
  "terintimidasi": -2,
  "terjaga": -2,
  "terjangkit": -2,
  "terjebak": -2,
  "terjelek": -2,
  "terkacau": -2,
  "terkaget": -2,
  "terkejut": -2,
  "terkenal jahat": -2,
  "terkeras": -2,
  "terkungkung": -2,
  "terkurung": -2,
  "terlantar": -2,
  "terlapar": -2,
  "terlarang": -2,
  "terlepas": -2,
  "terluka": -2,
  "terluka hati": -2,
  "terlupakan": -2,
  "termabuk-mabuk": -2,
  "termiskin": -2,
  "termurah": -2,
  "teror": -2,
  "terpaksa": -2,
  "terpencil": -2,
  "terperangkap": -2,
  "terpotong-potong": -2,
  "terputus": -2,
  "terputus-putus": -2,
  "tersakit": -2,
  "tersangka": -2,
  "tersasar": -2,
  "tersedak": -2,
  "tersumbat": -2,
  "tersyok": -2,
  "tertekan": -2,
  "tertindas": -2,
  "tertinggal": -2,
  "tertipu": -2,
  "tertusuk": -2,
  "tertutup": -2,
  "tidak ada taranya": -2,
  "tidak adil": -2,
  "tidak ahli": -2,
  "tidak aman": -2,
  "tidak bagus": -2,
  "tidak bahagia": -2,
  "tidak baik": -2,
  "tidak bekerja": -2,
  "tidak bekerja dengan baik": -2,
  "tidak benar": -2,
  "tidak beradab": -2,
  "tidak berani": -2,
  "tidak berarti": -2,
  "tidak beraturan": -2,
  "tidak berdaya": -2,
  "tidak berfungsi": -2,
  "tidak bergerak": -2,
  "tidak bergizi": -2,
  "tidak berguna": -2,
  "tidak berharga": -2,
  "tidak berhasil": -2,
  "tidak berperasaan": -2,
  "tidak bersemangat": -2,
  "tidak bertanggung jawab": -2,
  "tidak bertenaga": -2,
  "tidak bijaksana": -2,
  "tidak bisa merasakan": -2,
  "tidak cakap": -2,
  "tidak cekatan": -2,
  "tidak dapat dipersalahkan": -2,
  "tidak dapat diterima": -2,
  "tidak diharapkan": -2,
  "tidak dihargai": -2,
  "tidak diinginkan": -2,
  "tidak dikehendaki": -2,
  "tidak dikredit": -2,
  "tidak diselidiki": -2,
  "tidak disetujui": -2,
  "tidak efektif": -2,
  "tidak fokus": -2,
  "tidak gembira": -2,
  "tidak giat": -2,
  "tidak hormat": -2,
  "tidak jujur": -2,
  "tidak keruan": -2,
  "tidak kukuh": -2,
  "tidak layak": -2,
  "tidak mampu": -2,
  "tidak manis": -2,
  "tidak masuk akal": -2,
  "tidak masul akal": -2,
  "tidak memadai": -2,
  "tidak memperhatikan": -2,
  "tidak mencukupi": -2,
  "tidak mengacuhkan": -2,
  "tidak mengenakan": -2,
  "tidak mengerti": -2,
  "tidak menghiraukan": -2,
  "tidak menghormati": -2,
  "tidak menyenangkan": -2,
  "tidak menyukai": -2,
  "tidak merasa enak": -2,
  "tidak mudah": -2,
  "tidak normal": -2,
  "tidak nyaman": -2,
  "tidak nyambung": -2,
  "tidak pandai": -2,
  "tidak pasti": -2,
  "tidak peduli": -2,
  "tidak peka": -2,
  "tidak percaya": -2,
  "tidak profesional": -2,
  "tidak puas": -2,
  "tidak sabar": -2,
  "tidak sanggup": -2,
  "tidak sayang": -2,
  "tidak sejajar": -2,
  "tidak semangat": -2,
  "tidak semestinya": -2,
  "tidak sempurna": -2,
  "tidak sependapat": -2,
  "tidak serius": -2,
  "tidak seru": -2,
  "tidak sopan": -2,
  "tidak stabil": -2,
  "tidak suka": -2,
  "tidak tegas": -2,
  "tidak teratur": -2,
  "tidak terkesan": -2,
  "tidak termotivasi": -2,
  "tidak ternodai": -2,
  "tidak tertarik": -2,
  "tidak wajar": -2,
  "tidak-suka": -2,
  "tikaman": -2,
  "tikus": -2,
  "timpang": -2,
  "tinggi hati": -2,
  "tipu": -2,
  "tipu daya": -2,
  "tipu muslihat": -2,
  "tolak": -2,
  "totaliter": -2,
  "totaliterisme": -2,
  "tragedi": -2,
  "trauma": -2,
  "traumatis": -2,
  "tremor": -2,
  "Tterkurung": -2,
  "tuduhan-tuduhan": -2,
  "tukang catut": -2,
  "tukang jualan": -2,
  "tumbang": -2,
  "tumor": -2,
  "tumpul": -2,
  "tuntutan hukum": -2,
  "tusuk": -2,
  "tusukan": -2,
  "ugal-ugalan": -2,
  "umpat": -2,
  "umpatan": -2,
  "usang": -2,
  "uzur": -2,
  "wanita bengal": -2,
  "wanita panggilan": -2,
  "waswas": -2,
  "yang banyak permintaan": -2,
  "yang bersalah": -2,
  "yang dibesar-besarkan": -2,
  "yang dilebih-lebihkan": -2,
  "yang disakitkan hati": -2,
  "yang diturunkan": -2,
  "yang gugur": -2,
  "yang memekakkan": -2,
  "yang menganggu": -2,
  "yang merusak": -2,
  "yang tumbang": -2,
  "absen": -1,
  "abu-abu": -1,
  "agak": -1,
  "air kecil": -1,
  "ambifalen": -1,
  "ambisius": -1,
  "anehnya": -1,
  "anti": -1,
  "bahenol": -1,
  "bantah": -1,
  "banting": -1,
  "banyak persoalan": -1,
  "batal": -1,
  "batas": -1,
  "batasan": -1,
  "belum dikonfirmasi": -1,
  "beradu": -1,
  "berakibat": -1,
  "beralasan": -1,
  "berat": -1,
  "berbagai persoalan": -1,
  "berdalih": -1,
  "berhenti sementara": -1,
  "berisik": -1,
  "berlaku": -1,
  "berlebihan": -1,
  "bermuka masam": -1,
  "bermuram": -1,
  "bermuram": -1,
  "berpendapat": -1,
  "berprasangka": -1,
  "berpura-pura": -1,
  "bersembunyi": -1,
  "bertimbal": -1,
  "bertumpuk": -1,
  "bingung": -1,
  "bintik merah pada kulit": -1,
  "biru kehitaman": -1,
  "bisa": -1,
  "blok": -1,
  "blokir": -1,
  "bobol": -1,
  "bocor": -1,
  "bokong": -1,
  "bom": -1,
  "boros": -1,
  "buatan": -1,
  "bukan": -1,
  "buta": -1,
  "cegah": -1,
  "celaka": -1,
  "cemberut": -1,
  "cengeng": -1,
  "cerdik": -1,
  "colong": -1,
  "cukup": -1,
  "culas": -1,
  "curi": -1,
  "cuti": -1,
  "dalam": -1,
  "dalih": -1,
  "demonstrasi": -1,
  "dengan cara aneh": -1,
  "dengungan": -1,
  "desak": -1,
  "diabaikan": -1,
  "diakui": -1,
  "diam": -1,
  "dibetak": -1,
  "diblokir": -1,
  "dibongkar": -1,
  "dibuat-buat": -1,
  "dicegah": -1,
  "dicopot": -1,
  "dicuri": -1,
  "digagalkan": -1,
  "diganggu": -1,
  "digoda": -1,
  "digunakan": -1,
  "dihack": -1,
  "dihalangi": -1,
  "dihilangkan": -1,
  "dihindari": -1,
  "dihisap": -1,
  "diingatkan": -1,
  "dijatuhi": -1,
  "dijebak": -1,
  "dikecualikan": -1,
  "dikelabui": -1,
  "dikeraskan": -1,
  "dikosongkan": -1,
  "dikuasai": -1,
  "dikuburkan": -1,
  "dikurangi": -1,
  "dilambatkan": -1,
  "dilema": -1,
  "diluar jangkauan": -1,
  "diluar kuasa": -1,
  "dimainkan": -1,
  "dimakamkan": -1,
  "diminta maaf": -1,
  "dipamerkan": -1,
  "dipancing": -1,
  "dipangkas": -1,
  "dipertanyakan": -1,
  "dipisah": -1,
  "dipisahkan": -1,
  "dipotong": -1,
  "diprovokasi": -1,
  "dipukul mundur": -1,
  "dipusingkan": -1,
  "diragukan": -1,
  "disamarkan": -1,
  "disebabkan": -1,
  "disebut-sebut": -1,
  "disederhanakan": -1,
  "disedot": -1,
  "disembunyikan": -1,
  "disempitkan": -1,
  "diserang": -1,
  "diseret": -1,
  "disirnakan": -1,
  "diskon": -1,
  "ditahan": -1,
  "ditampakkan": -1,
  "ditampik": -1,
  "ditarik": -1,
  "ditelanjangi": -1,
  "diteriaki": -1,
  "ditimbulkan": -1,
  "dititikberatkan": -1,
  "ditunda": -1,
  "ditunggu": -1,
  "ditusuk": -1,
  "diundur": -1,
  "diusut": -1,
  "diwaspadai": -1,
  "duga": -1,
  "efek": -1,
  "ejekan": -1,
  "enggan": -1,
  "fakir": -1,
  "fanatik": -1,
  "ga": -1,
  "gamang": -1,
  "gangguan saraf": -1,
  "gantung": -1,
  "gasak": -1,
  "gemetar": -1,
  "gemetaran": -1,
  "gerdam": -1,
  "gertak": -1,
  "godaan": -1,
  "goyah hati": -1,
  "goyang hati": -1,
  "grogi": -1,
  "gugup": -1,
  "hack": -1,
  "halang": -1,
  "halangan": -1,
  "hambar": -1,
  "hambat": -1,
  "hambatan": -1,
  "hantu": -1,
  "hardik": -1,
  "henti": -1,
  "heran": -1,
  "hindari": -1,
  "hisap": -1,
  "hujan": -1,
  "interupsi": -1,
  "intrik": -1,
  "irasional": -1,
  "irisan": -1,
  "ironi": -1,
  "ironis": -1,
  "isap": -1,
  "jalannya perkara": -1,
  "jarak pendek": -1,
  "jebakan": -1,
  "jemu": -1,
  "jomplang": -1,
  "kacau": -1,
  "kagak": -1,
  "kaget": -1,
  "kaku": -1,
  "kalem": -1,
  "kanker": -1,
  "kapak": -1,
  "karikatur": -1,
  "kebat-kebit": -1,
  "kebesaran": -1,
  "kebingungan": -1,
  "kecuali": -1,
  "kecurigaan": -1,
  "kefakiran": -1,
  "kegelapan": -1,
  "kehampaan": -1,
  "keirian": -1,
  "kejutan": -1,
  "kekeliruan": -1,
  "kekosongan": -1,
  "kelapangan": -1,
  "kelebihan": -1,
  "kelebihan berat": -1,
  "kelemahan": -1,
  "keliru": -1,
  "keluar": -1,
  "kelupaan": -1,
  "kemurungan": -1,
  "kena": -1,
  "kendur": -1,
  "kepotong": -1,
  "keraguan": -1,
  "keras hati": -1,
  "keributan": -1,
  "kerinduan": -1,
  "kerusakan": -1,
  "kesal": -1,
  "kesayuan": -1,
  "kesempitan": -1,
  "kesemutan": -1,
  "keterlambatan": -1,
  "ketertarikan": -1,
  "ketinggalan": -1,
  "kira-kira": -1,
  "kosong": -1,
  "kosongin": -1,
  "kram": -1,
  "kuburan": -1,
  "kurang jelas": -1,
  "kurang menentukan": -1,
  "kurang pilihan": -1,
  "kurang tidur": -1,
  "kurung": -1,
  "lalai": -1,
  "lapar": -1,
  "lari": -1,
  "lawan": -1,
  "layu": -1,
  "lebih buruk": -1,
  "lebih fakir": -1,
  "lebih malang": -1,
  "lecek": -1,
  "legenda": -1,
  "lelah": -1,
  "limbah": -1,
  "lolos": -1,
  "longgar": -1,
  "lontang-lantung": -1,
  "lotoy": -1,
  "lubang pantat": -1,
  "luka": -1,
  "lunglai": -1,
  "luput": -1,
  "makam": -1,
  "malang": -1,
  "malas": -1,
  "malu-malu": -1,
  "masalah": -1,
  "masygul": -1,
  "mayat": -1,
  "megnundurkan diri": -1,
  "melaju terus": -1,
  "melalaikan": -1,
  "melampaui": -1,
  "melanggar": -1,
  "melarikan diri": -1,
  "meletakkan jabatan": -1,
  "melihat dengan jarak pendek": -1,
  "meloloskan diri": -1,
  "memainkan": -1,
  "memaksa": -1,
  "memaksakan": -1,
  "memalingkan": -1,
  "memamerkan": -1,
  "memancing": -1,
  "memangkas": -1,
  "membantah": -1,
  "membanting": -1,
  "membetak": -1,
  "membingunkan": -1,
  "memblokir": -1,
  "membongkar": -1,
  "membuang": -1,
  "membungkam": -1,
  "membutuhkan": -1,
  "meminta": -1,
  "meminta maaf": -1,
  "memintai maaf": -1,
  "memintas": -1,
  "memisah": -1,
  "memisahkan": -1,
  "memotong": -1,
  "memperhitungkan": -1,
  "mempersempit": -1,
  "mempertanyakan": -1,
  "memukul mundur": -1,
  "memundurkan": -1,
  "menakuti": -1,
  "menampakkan": -1,
  "menampik": -1,
  "menangis": -1,
  "menangisi": -1,
  "menanti": -1,
  "menanyai": -1,
  "menarik kembali": -1,
  "menarik mundur": -1,
  "mencampakkan": -1,
  "mencegah": -1,
  "mencopot": -1,
  "mencuri": -1,
  "mendesau": -1,
  "mendiamkan": -1,
  "mendiamkannya": -1,
  "menduga": -1,
  "menegur": -1,
  "menekankan": -1,
  "meneriakan": -1,
  "menertawakan": -1,
  "mengacau": -1,
  "mengaku": -1,
  "mengandangkan": -1,
  "mengecualikan": -1,
  "mengeraskan": -1,
  "mengesampingkan": -1,
  "menggairahkan": -1,
  "menggembar-gembor": -1,
  "menggertak": -1,
  "menghabiskan": -1,
  "menghalang": -1,
  "menghalangi": -1,
  "menghardik": -1,
  "menghentikan": -1,
  "menghilang": -1,
  "menghilangkan": -1,
  "menghindari": -1,
  "menghindarkan": -1,
  "menghisap": -1,
  "mengintai": -1,
  "mengira": -1,
  "mengirikan": -1,
  "mengiris": -1,
  "mengirit": -1,
  "mengisap": -1,
  "mengomel": -1,
  "mengosongi": -1,
  "mengosongkan": -1,
  "mengulum": -1,
  "mengundur": -1,
  "mengundurkan diri": -1,
  "mengurangi": -1,
  "mengusili": -1,
  "mengusut": -1,
  "menimbulkan": -1,
  "menjatuhi": -1,
  "menjatuhkan hukuman": -1,
  "menonaktifkan": -1,
  "menumpang": -1,
  "menumpuk": -1,
  "menunda": -1,
  "menyalahi": -1,
  "menyalahi aturan": -1,
  "menyamarkan": -1,
  "menyampingkan": -1,
  "menyanggah": -1,
  "menyangka": -1,
  "menyebabkan": -1,
  "menyederhanakan": -1,
  "menyedot": -1,
  "menyelang": -1,
  "menyembunyikan": -1,
  "menyempitkan": -1,
  "menyerah": -1,
  "menyerahkan diri": -1,
  "menyerang": -1,
  "menyeret": -1,
  "menyesap": -1,
  "menyirnakan": -1,
  "menyolok": -1,
  "menyulitkan": -1,
  "menyusahkan": -1,
  "meratapi": -1,
  "merembes": -1,
  "merintangi": -1,
  "mewaspadai": -1,
  "minta maaf": -1,
  "mitos": -1,
  "motong": -1,
  "mudah tersinggung": -1,
  "mundur": -1,
  "naif": -1,
  "ndak": -1,
  "ngaku": -1,
  "ngga": -1,
  "nggak": -1,
  "ngilu": -1,
  "noda": -1,
  "nyeri": -1,
  "off": -1,
  "oksimoron": -1,
  "oleng": -1,
  "omel": -1,
  "ompong": -1,
  "orang baru": -1,
  "orang yang tidak hadir": -1,
  "orang2 yang tidak hadir": -1,
  "paksaan": -1,
  "pantat": -1,
  "paradoks": -1,
  "pasif": -1,
  "pedas": -1,
  "pedih": -1,
  "pelaku kesalahan": -1,
  "pelarian": -1,
  "pemakaman": -1,
  "pembatasan": -1,
  "pembetak": -1,
  "pembiaya": -1,
  "pemblokiran": -1,
  "pemula": -1,
  "penahanan": -1,
  "penasaran": -1,
  "penat": -1,
  "pencuri": -1,
  "penderita": -1,
  "pengadang": -1,
  "pengapian": -1,
  "pengecualian": -1,
  "pengeluaran": -1,
  "pengerasan": -1,
  "penggagalan": -1,
  "penghalang": -1,
  "penghambat": -1,
  "penghisap": -1,
  "penghisapan": -1,
  "pengosongan": -1,
  "pengotor": -1,
  "penguburan": -1,
  "penjegalan": -1,
  "penundaan": -1,
  "penyaing": -1,
  "penyamaran": -1,
  "penyedotan": -1,
  "penyekat": -1,
  "penyempitan": -1,
  "penyendiri": -1,
  "penyerbuan": -1,
  "perenung": -1,
  "pergi": -1,
  "perkara": -1,
  "perlambatan": -1,
  "permintaan": -1,
  "permintaan maaf": -1,
  "persembunyian": -1,
  "persoalan": -1,
  "pertanyaan": -1,
  "pertarungan": -1,
  "perunjukan jenaka": -1,
  "pesimisme": -1,
  "pesimistik": -1,
  "pesolek": -1,
  "pipis": -1,
  "pisah": -1,
  "pistol": -1,
  "potong": -1,
  "prasangka": -1,
  "proses pengadilan": -1,
  "provokasi": -1,
  "pucat kelabu": -1,
  "pukul": -1,
  "pura-pura": -1,
  "pusing": -1,
  "ramai": -1,
  "rasa sakit": -1,
  "ratapan": -1,
  "rawan": -1,
  "rayu": -1,
  "resesi": -1,
  "riuh": -1,
  "riuh rendah": -1,
  "ruat": -1,
  "rusak": -1,
  "sabot": -1,
  "saingan": -1,
  "sakit": -1,
  "sakit pikiran": -1,
  "salah baca": -1,
  "salah informasi": -1,
  "salah membaca": -1,
  "salah menangkap": -1,
  "salah mengerti": -1,
  "salah pengertian": -1,
  "samar": -1,
  "samaran": -1,
  "sampah": -1,
  "sangat hemat": -1,
  "sanggah": -1,
  "sanggahan": -1,
  "sayangnya": -1,
  "sayu": -1,
  "sebab kesalahan": -1,
  "secara pasif": -1,
  "secara tidak sengaja": -1,
  "sedih hati": -1,
  "sedot": -1,
  "sedu": -1,
  "sekat": -1,
  "sekongkol": -1,
  "sembunyi": -1,
  "sempit": -1,
  "sendirian": -1,
  "sendu": -1,
  "sensi": -1,
  "seorang diri": -1,
  "sepi": -1,
  "serang": -1,
  "seret": -1,
  "siaga": -1,
  "sibuk": -1,
  "sulit": -1,
  "tafakur": -1,
  "tak": -1,
  "tak acuh": -1,
  "tak diingini": -1,
  "tak tetap": -1,
  "takhayul": -1,
  "tanda": -1,
  "tangisan": -1,
  "tanpa selera": -1,
  "tantang": -1,
  "tantangan": -1,
  "tarik": -1,
  "tawar": -1,
  "tegangan": -1,
  "tegar hati": -1,
  "tegur": -1,
  "teguran": -1,
  "tekan": -1,
  "tensi": -1,
  "terbatas": -1,
  "terbelakang": -1,
  "terbenam": -1,
  "terburu": -1,
  "terfakir": -1,
  "tergantung": -1,
  "tergesa": -1,
  "tergoda": -1,
  "terheran-heran": -1,
  "terhingga": -1,
  "teriak": -1,
  "terjatuh": -1,
  "terkena": -1,
  "termalang": -1,
  "termenung": -1,
  "terpengaruh": -1,
  "terpotong": -1,
  "tersembunyi": -1,
  "tertahan": -1,
  "tertancap": -1,
  "tertunda": -1,
  "terungku": -1,
  "terusik": -1,
  "tiada": -1,
  "tiada bandingannya": -1,
  "tidak": -1,
  "tidak berprasangka": -1,
  "tidak cocok": -1,
  "tidak dapat melihat": -1,
  "tidak dikenal": -1,
  "tidak dipelihara": -1,
  "tidak disokong": -1,
  "tidak enak": -1,
  "tidak gampang": -1,
  "tidak jelas": -1,
  "tidak kena sasaran": -1,
  "tidak konek": -1,
  "tidak logis": -1,
  "tidak manfaat": -1,
  "tidak menentu": -1,
  "tidak mengindahkan": -1,
  "tidak menyayangi": -1,
  "tidak padat": -1,
  "tidak penting": -1,
  "tidak rasional": -1,
  "tidak sama": -1,
  "tidak sehat": -1,
  "tidak seimbang": -1,
  "tidak setara": -1,
  "tidak tenang": -1,
  "tidak tentu": -1,
  "tidak terang": -1,
  "tidak terjawab": -1,
  "tidak terkoneksi": -1,
  "tidak terpakai": -1,
  "tiris": -1,
  "tirisan": -1,
  "tragis": -1,
  "tuduh": -1,
  "tumpuk": -1,
  "tuna karya": -1,
  "tunda": -1,
  "untung-untungan": -1,
  "usil": -1,
  "usilin": -1,
  "visioner": -1,
  "wah": -1,
  "yang berpendapat keras": -1,
  "yang dibebaskan": -1,
  "yang ingin tahu": -1,
  "yang menulikan": -1,
  "yang tidak-tidak": -1,
  "zulmat": -1,
  "adopsi": 1,
  "aktif": 1,
  "akur": 1,
  "alasan": 1,
  "alat bot": 1,
  "anjir": 1,
  "antisipasi": 1,
  "arwah": 1,
  "asyik": 1,
  "atraksi": 1,
  "bagaikan": 1,
  "bagi": 1,
  "bagian": 1,
  "baik": 1,
  "bakal calon": 1,
  "bangun lagi": 1,
  "banyaknya": 1,
  "barang berharga": 1,
  "bawah tanah": 1,
  "bayangan": 1,
  "bayar": 1,
  "bayaran": 1,
  "bebas": 1,
  "benar": 1,
  "benda padat": 1,
  "beragam": 1,
  "berair": 1,
  "beraneka ragam": 1,
  "berangan-angan": 1,
  "berbaring": 1,
  "bercanda": 1,
  "berdaya": 1,
  "bergabung": 1,
  "beri": 1,
  "berinovasi": 1,
  "berjanji": 1,
  "berjubah": 1,
  "berkomitmen": 1,
  "berlian": 1,
  "bermimpi": 1,
  "bernafas": 1,
  "bersifat umum": 1,
  "bertahan": 1,
  "bertambah": 1,
  "bertumbuh": 1,
  "berubah-ubah": 1,
  "berwewenang": 1,
  "berwujud": 1,
  "besar": 1,
  "besarkan": 1,
  "biasa": 1,
  "bijaksana": 1,
  "biji": 1,
  "boleh": 1,
  "bugar": 1,
  "bunga": 1,
  "cakap": 1,
  "candaan": 1,
  "capai": 1,
  "celi": 1,
  "cerita fiksi": 1,
  "cerita roman": 1,
  "cinta buta": 1,
  "cocok": 1,
  "cun": 1,
  "cup": 1,
  "dapat dicapai": 1,
  "dapat tercapai": 1,
  "daya": 1,
  "dengan jelas": 1,
  "dengan polos": 1,
  "diadakan": 1,
  "diamankan": 1,
  "diasuransikan kembali": 1,
  "diberikan": 1,
  "diberikan alasan": 1,
  "dicapai": 1,
  "diciptakan": 1,
  "didiamkan": 1,
  "diganjar": 1,
  "digapai": 1,
  "dihadiahi": 1,
  "dihadiahkan": 1,
  "dihibur": 1,
  "diimpikan": 1,
  "diintip": 1,
  "dijangkau": 1,
  "dijelajahi": 1,
  "dijelaskan": 1,
  "dikembalikan": 1,
  "dikembangkan": 1,
  "dikuatkan": 1,
  "dilabur": 1,
  "dilakukan": 1,
  "dilansir": 1,
  "dilepaskan": 1,
  "diluncurkan": 1,
  "dimaafkan": 1,
  "dimudahkan": 1,
  "dingin": 1,
  "dipasang": 1,
  "dipastikan": 1,
  "diperbarui": 1,
  "diperluas": 1,
  "dipermudah": 1,
  "dipermudahkan": 1,
  "dipromosikan": 1,
  "dipugar": 1,
  "diringankan": 1,
  "disambut": 1,
  "disangga": 1,
  "disegarkan": 1,
  "diseimbangkan": 1,
  "diselamatkan": 1,
  "disentuh": 1,
  "diserap": 1,
  "disesuaikan": 1,
  "disilaukan": 1,
  "disinari": 1,
  "disokong": 1,
  "disuguhkan": 1,
  "ditambah": 1,
  "ditebalkan": 1,
  "diterangkan": 1,
  "diterima": 1,
  "diyakinkan": 1,
  "dorong": 1,
  "dorongan": 1,
  "dukung": 1,
  "eksplorasi": 1,
  "enteng": 1,
  "firasat": 1,
  "gaji": 1,
  "ganjaran": 1,
  "gayung": 1,
  "gede": 1,
  "genting": 1,
  "giliran": 1,
  "gratis": 1,
  "hakiki": 1,
  "hal": 1,
  "halte": 1,
  "harta": 1,
  "hening": 1,
  "hot": 1,
  "ia": 1,
  "ikut": 1,
  "ikut serta": 1,
  "iman": 1,
  "imun": 1,
  "ingin": 1,
  "inovasi": 1,
  "intan": 1,
  "Isa": 1,
  "iya": 1,
  "izin": 1,
  "jadi": 1,
  "jalan": 1,
  "jalan keluar": 1,
  "janda": 1,
  "jangkau": 1,
  "jangkauan": 1,
  "janji": 1,
  "jenis": 1,
  "kacang": 1,
  "kala": 1,
  "kalimat": 1,
  "kalis": 1,
  "kans": 1,
  "keamanan": 1,
  "kebal": 1,
  "kebaruan": 1,
  "kebetulan": 1,
  "kebetulan2": 1,
  "kebugaran": 1,
  "kecerahan": 1,
  "keduk": 1,
  "kegedean": 1,
  "kegiatan": 1,
  "keinginan": 1,
  "kejut": 1,
  "kemungkinan": 1,
  "kenaikan": 1,
  "kentara": 1,
  "kepandaian": 1,
  "kepastian": 1,
  "kepintaran": 1,
  "keras": 1,
  "kereta berkuda": 1,
  "kesanggupan": 1,
  "kesediaan": 1,
  "kesegaran": 1,
  "keselamatan": 1,
  "ketenaran": 1,
  "keterangan": 1,
  "keuletan": 1,
  "kewewenangan": 1,
  "keyakinan": 1,
  "khusus": 1,
  "kipas": 1,
  "komedi": 1,
  "kompeten": 1,
  "kompetensi": 1,
  "langsung": 1,
  "larutan": 1,
  "lazim": 1,
  "lebih banyak": 1,
  "lebih bermacam": 1,
  "lebih ramah": 1,
  "leka": 1,
  "lelucon": 1,
  "lunak": 1,
  "lurus": 1,
  "maaf": 1,
  "macam": 1,
  "maju": 1,
  "makan bersama": 1,
  "makasih": 1,
  "mampat": 1,
  "mampu": 1,
  "mau": 1,
  "meja jualan": 1,
  "melaksanakan": 1,
  "melakukan": 1,
  "memadai": 1,
  "memapak": 1,
  "memasang": 1,
  "memastikan": 1,
  "memata-matai": 1,
  "mematikan": 1,
  "membagi": 1,
  "membagikan": 1,
  "membantu": 1,
  "membayar": 1,
  "membentang": 1,
  "memberi": 1,
  "memberi nama": 1,
  "membesar": 1,
  "memecahkan": 1,
  "memelihara": 1,
  "memimpikan": 1,
  "memperbarui": 1,
  "memperbesar": 1,
  "memperkuat": 1,
  "memperluas": 1,
  "mempermudahkan": 1,
  "memperoleh": 1,
  "memperpanjang": 1,
  "memudahkan": 1,
  "memugar": 1,
  "menaikkan": 1,
  "menambah": 1,
  "menambahkan": 1,
  "mencapai": 1,
  "mendapatkan": 1,
  "mendiamkan": 1,
  "mendorong": 1,
  "mendorongkan": 1,
  "menebali": 1,
  "menebalkan": 1,
  "menenangkan": 1,
  "menentukan": 1,
  "menerangkan": 1,
  "menerima": 1,
  "menete": 1,
  "mengajak": 1,
  "mengakhiri": 1,
  "mengamankan": 1,
  "mengasuransikan kembali": 1,
  "mengaum-aumkan": 1,
  "mengeksplorasi": 1,
  "mengembalikan": 1,
  "mengenakan": 1,
  "mengenaskan": 1,
  "menggalakan": 1,
  "menggerakan": 1,
  "menggombal": 1,
  "menghangatkan": 1,
  "mengharukan": 1,
  "menghibur": 1,
  "menghubungi": 1,
  "mengingatkan": 1,
  "menginginkan": 1,
  "mengintip": 1,
  "mengipas": 1,
  "mengiyakan": 1,
  "mengulurkan": 1,
  "mengundang": 1,
  "mengutarakan": 1,
  "meningkat": 1,
  "menjangkau": 1,
  "menjanjikan": 1,
  "menjelajah": 1,
  "menjelajahi": 1,
  "menjelaskan": 1,
  "menjudulkan": 1,
  "menjulang": 1,
  "mensahkan": 1,
  "menumbuh": 1,
  "menunggu": 1,
  "menunjukkan": 1,
  "menyadarkan kembali": 1,
  "menyangga": 1,
  "menyarankan": 1,
  "menyatakan": 1,
  "menyediakan": 1,
  "menyegarkan": 1,
  "menyegarkan kembali": 1,
  "menyekop": 1,
  "menyelidiki tanah": 1,
  "menyenangi": 1,
  "menyendok": 1,
  "menyentuh": 1,
  "menyerbu": 1,
  "menyesuaikan": 1,
  "menyetujui": 1,
  "menyiapkan": 1,
  "menyilaukan": 1,
  "menyinari": 1,
  "menyokong": 1,
  "menyongsong": 1,
  "merangkul": 1,
  "merasakan": 1,
  "merayu": 1,
  "meregangkan": 1,
  "merenung": 1,
  "meringankan": 1,
  "mesin tenun": 1,
  "meyakinkan": 1,
  "mimpi": 1,
  "minta tolong": 1,
  "montok": 1,
  "mudah": 1,
  "mujarab": 1,
  "nafas panjang": 1,
  "naik": 1,
  "nyala": 1,
  "ok": 1,
  "okay": 1,
  "oke": 1,
  "okeh": 1,
  "okey": 1,
  "pada pokoknya": 1,
  "para pendorong": 1,
  "para pendukung": 1,
  "para penunjang": 1,
  "para penyokong": 1,
  "payudara": 1,
  "pelaku": 1,
  "pelakuan": 1,
  "pelamun": 1,
  "pelan-pelan": 1,
  "pelolosan": 1,
  "pemaaf": 1,
  "pembaruan": 1,
  "pemberian": 1,
  "pemecahan": 1,
  "penambahan": 1,
  "penawaran": 1,
  "pendorong": 1,
  "penerima": 1,
  "pengizinan": 1,
  "pengunjung": 1,
  "penjelajahan": 1,
  "penjelasan": 1,
  "penuh": 1,
  "penunjuk": 1,
  "penyambutan": 1,
  "penyokong": 1,
  "perasaan": 1,
  "percuma": 1,
  "perhatian": 1,
  "perhentian": 1,
  "perhiasan": 1,
  "perkakas tenun": 1,
  "perkelahian": 1,
  "perluasan": 1,
  "persiapan": 1,
  "pertambahan": 1,
  "perubahan": 1,
  "perubahan baru": 1,
  "perundingan": 1,
  "pihak penuntut": 1,
  "pinang": 1,
  "pintar": 1,
  "pituah": 1,
  "pokok": 1,
  "polos": 1,
  "popularitas": 1,
  "puncak": 1,
  "putusan": 1,
  "putusan hukum": 1,
  "putusan juri": 1,
  "ragam": 1,
  "rangkulan": 1,
  "rasi": 1,
  "ratna": 1,
  "rembukan": 1,
  "ringan": 1,
  "roh": 1,
  "rukun": 1,
  "runcing": 1,
  "saham": 1,
  "salam": 1,
  "saling dukung": 1,
  "sama": 1,
  "sambilan": 1,
  "sambutan": 1,
  "sampai": 1,
  "sanggup": 1,
  "santai": 1,
  "saran": 1,
  "sarankan": 1,
  "sedap": 1,
  "sederhana": 1,
  "sedia": 1,
  "segan": 1,
  "segar": 1,
  "seharga": 1,
  "sejenis": 1,
  "sejuk": 1,
  "sejumlah": 1,
  "sekop": 1,
  "seksi": 1,
  "selamat": 1,
  "selamatkan": 1,
  "sembahyang": 1,
  "senang": 1,
  "sendok": 1,
  "senilai": 1,
  "sensitif": 1,
  "seperti": 1,
  "serbu": 1,
  "sesuai": 1,
  "shalat": 1,
  "sholat": 1,
  "siap": 1,
  "silahkan": 1,
  "silau": 1,
  "sinar": 1,
  "soal": 1,
  "soal-jawab": 1,
  "solat": 1,
  "stan": 1,
  "suasana": 1,
  "subversif": 1,
  "sudi": 1,
  "tajam": 1,
  "tali temali": 1,
  "tambahan": 1,
  "tanpa prasangka": 1,
  "tarikan": 1,
  "tawa": 1,
  "tebal": 1,
  "tegar": 1,
  "tenang": 1,
  "tenggang hati": 1,
  "tenggang rasa": 1,
  "terang": 1,
  "terangsang": 1,
  "tercakup": 1,
  "terdorong": 1,
  "terhindarkan": 1,
  "terimpikan": 1,
  "terlaku": 1,
  "terpisah": 1,
  "tersambut": 1,
  "tersipu": 1,
  "tertentu": 1,
  "terus": 1,
  "terus-menerus": 1,
  "terus-terusan": 1,
  "tetap": 1,
  "tidak berbahaya": 1,
  "tidak intelek": 1,
  "tiruan": 1,
  "tolong": 1,
  "tumbuh": 1,
  "turut": 1,
  "undang": 1,
  "ungkapan": 1,
  "upah": 1,
  "urat": 1,
  "urusan": 1,
  "visi": 1,
  "vital": 1,
  "vitamin": 1,
  "wahana": 1,
  "wajar": 1,
  "wajik": 1,
  "warung": 1,
  "wewenang": 1,
  "yang meningkat": 1,
  "yang naik": 1,
  "yeah": 1,
  "Yesus": 1,
  "zakar": 1,
  "zat padat": 1,
  "abadi": 2,
  "adil": 2,
  "aksi": 2,
  "alamiah": 2,
  "aman": 2,
  "ampun": 2,
  "ampunan": 2,
  "anggun": 2,
  "animo": 2,
  "anjur": 2,
  "antusias": 2,
  "apas": 2,
  "apresiaai": 2,
  "apung": 2,
  "arti": 2,
  "aset": 2,
  "aset-aset": 2,
  "atasan": 2,
  "bagus": 2,
  "baik sekali": 2,
  "banget": 2,
  "bangga": 2,
  "bantuan": 2,
  "beking": 2,
  "belas": 2,
  "belas kasih": 2,
  "berambisi": 2,
  "berapi-api": 2,
  "berarti": 2,
  "berbagi": 2,
  "berdaya guna": 2,
  "berdedikasi": 2,
  "berdoa": 2,
  "bergairah": 2,
  "bergaya": 2,
  "bergembira": 2,
  "bergumul": 2,
  "berguna": 2,
  "berhak": 2,
  "berharap": 2,
  "berharap baik": 2,
  "berharga": 2,
  "berhasil": 2,
  "berhati-hati": 2,
  "berhati-hatilah": 2,
  "berhubungan dengan pesta": 2,
  "berjiwa": 2,
  "berjiwa petualang": 2,
  "berjuang": 2,
  "berkeinginan": 2,
  "berkelakar": 2,
  "berkilau": 2,
  "berlebihan menjual": 2,
  "bermanfaat": 2,
  "bermasturbasi": 2,
  "bernilai": 2,
  "berpengaruh": 2,
  "bersahaja": 2,
  "bersemangat": 2,
  "bersemedi": 2,
  "berserikat": 2,
  "bersih": 2,
  "bersimpati": 2,
  "bersopan-santun": 2,
  "bersuka ria": 2,
  "bersumpah": 2,
  "bertahan hidup": 2,
  "bertambah baik": 2,
  "berterimakasih": 2,
  "bertoleransi": 2,
  "berusaha keras": 2,
  "betul-betul": 2,
  "bintang": 2,
  "bisa dihibur": 2,
  "boleh saja": 2,
  "buah dada": 2,
  "bujuk": 2,
  "bukan kepalang": 2,
  "bunga api": 2,
  "cahaya matahari": 2,
  "canggih": 2,
  "cekatan": 2,
  "cemerlang": 2,
  "cepat": 2,
  "cerah": 2,
  "cerdas": 2,
  "ceria": 2,
  "cinta monyet": 2,
  "ciuman": 2,
  "cuaca baik": 2,
  "cuaca cerah": 2,
  "dakwah": 2,
  "damai": 2,
  "dapat": 2,
  "dapat disetujui": 2,
  "daya hidup": 2,
  "daya tahan": 2,
  "daya tarik": 2,
  "dekorasi": 2,
  "dengan aman": 2,
  "dengan bangga": 2,
  "dengan berani": 2,
  "dengan berhasil": 2,
  "dengan efektif": 2,
  "dengan hati-hati": 2,
  "dengan jujur": 2,
  "dengan riang": 2,
  "dengan selamat": 2,
  "dengan tenang": 2,
  "dengan tulus": 2,
  "dewasa": 2,
  "diabsahkan": 2,
  "diadili": 2,
  "diampuni": 2,
  "dianjurkan": 2,
  "dibantu": 2,
  "dibebaskan": 2,
  "dibenarkan": 2,
  "diberi grasi": 2,
  "diberikan penghargaan": 2,
  "dibersihkan": 2,
  "dibersihkan nama baik": 2,
  "dibesarkan": 2,
  "dibuktikan kebenaran": 2,
  "dibuktikan tidak bersalah": 2,
  "didapati": 2,
  "didapatkan": 2,
  "didorong": 2,
  "didukung": 2,
  "dieratkan": 2,
  "digemari": 2,
  "dihargai": 2,
  "dihemat": 2,
  "dihormati": 2,
  "diilhami": 2,
  "diizinkan": 2,
  "dikkarifikasikan": 2,
  "dikunci": 2,
  "dilapangkan": 2,
  "dilegakan": 2,
  "dilengkapi": 2,
  "dilindungi": 2,
  "diluaskan": 2,
  "dinasihati": 2,
  "dipecahkan persoalannya": 2,
  "dipedulikan": 2,
  "dipeluk": 2,
  "diperbaiki": 2,
  "dipercayakan": 2,
  "dipertahankan": 2,
  "dipuaskan": 2,
  "dipuja": 2,
  "dipuji": 2,
  "dipulihkan": 2,
  "diputuskan": 2,
  "diraih": 2,
  "diratifikasi": 2,
  "direkomendasikan": 2,
  "disahkan": 2,
  "disarankan": 2,
  "diselesaikan": 2,
  "disempurnakan": 2,
  "disetujui": 2,
  "disimpan": 2,
  "disingkat": 2,
  "disingkatkan": 2,
  "disorot": 2,
  "distimulasi": 2,
  "disukai": 2,
  "ditabung": 2,
  "ditakzimkan": 2,
  "ditebus": 2,
  "diteguhkan": 2,
  "ditolong": 2,
  "ditugaskan": 2,
  "ditunjang": 2,
  "diuntungkan": 2,
  "diyakini": 2,
  "dor!": 2,
  "dukungan": 2,
  "efektif": 2,
  "eksklusif": 2,
  "empati": 2,
  "enak": 2,
  "enerjik": 2,
  "etis": 2,
  "extra": 2,
  "favorit": 2,
  "fokus": 2,
  "funky": 2,
  "gagah": 2,
  "galau": 2,
  "gandrung": 2,
  "gapai": 2,
  "gelak": 2,
  "gelak tawa": 2,
  "geli": 2,
  "gemar": 2,
  "gembira": 2,
  "giat": 2,
  "gigih": 2,
  "gombal": 2,
  "grasi": 2,
  "gurau": 2,
  "gurauan": 2,
  "ha": 2,
  "hadiah": 2,
  "haha": 2,
  "hak istimewa": 2,
  "halal": 2,
  "halus": 2,
  "hangat": 2,
  "harap": 2,
  "harapan": 2,
  "harapan baik": 2,
  "hargai": 2,
  "harta benda": 2,
  "hasil baik": 2,
  "hasrat": 2,
  "hati-hati": 2,
  "hendak": 2,
  "hidup": 2,
  "hidup kembali": 2,
  "hidup lebih lama": 2,
  "hobi": 2,
  "hormat": 2,
  "humor": 2,
  "iba": 2,
  "ikrar": 2,
  "imbalan": 2,
  "ingin tahu": 2,
  "inovatif": 2,
  "inspirasi": 2,
  "inspirasional": 2,
  "intelijen": 2,
  "intens": 2,
  "interes": 2,
  "inti": 2,
  "istimewa": 2,
  "jamin": 2,
  "jaminan": 2,
  "jas hujan": 2,
  "jatuh cinta": 2,
  "jelas": 2,
  "jenaka": 2,
  "jiwa": 2,
  "juang": 2,
  "juita": 2,
  "jujur": 2,
  "kangen": 2,
  "kapal pemimpin": 2,
  "kaya": 2,
  "keadaan lengkap": 2,
  "keadilan": 2,
  "keahlian": 2,
  "keanggunan": 2,
  "kebebasan": 2,
  "keberahian": 2,
  "keberanian": 2,
  "keberhasilan": 2,
  "kebimbangan": 2,
  "kecerdikan": 2,
  "kedai": 2,
  "kedamaian": 2,
  "kedambaan": 2,
  "kedapatan": 2,
  "kegagahan": 2,
  "kegemaran": 2,
  "kehangatan": 2,
  "kehangatan hati": 2,
  "kehebatan": 2,
  "kehormatan": 2,
  "kejadian penting": 2,
  "kejayaan": 2,
  "kejelasan": 2,
  "kejujuran": 2,
  "kekar": 2,
  "kekayaan": 2,
  "kekompakan": 2,
  "kekuatan": 2,
  "kelebihan2": 2,
  "kelucuan": 2,
  "kemahiran": 2,
  "kemajuan": 2,
  "kemampuan": 2,
  "kemampuan-kemampuan": 2,
  "kemauan": 2,
  "kemurahan hati": 2,
  "kena deh!": 2,
  "kenyamanan": 2,
  "kenyang": 2,
  "kepentingan": 2,
  "kepercayaan": 2,
  "kepo": 2,
  "keramahan": 2,
  "kerelaan": 2,
  "kesehatan": 2,
  "kesejahteraan": 2,
  "kesempatan": 2,
  "kesenangan": 2,
  "keseriusan": 2,
  "kesopanan": 2,
  "kesudian": 2,
  "kesunyian": 2,
  "ketangguhan": 2,
  "ketenteraman": 2,
  "ketulusan": 2,
  "keuntungan": 2,
  "keuntungan besar": 2,
  "keutuhan": 2,
  "khazanah": 2,
  "khianat": 2,
  "kios": 2,
  "klarifikasi": 2,
  "komitmen": 2,
  "kompak": 2,
  "kompetisi": 2,
  "kompetitif": 2,
  "komprehensif": 2,
  "kongkret": 2,
  "kreatif": 2,
  "ksatria": 2,
  "kuat": 2,
  "layak": 2,
  "lebih baik": 2,
  "lebih baik hati": 2,
  "lebih bersih": 2,
  "lebih kuat": 2,
  "lebih manis": 2,
  "leceh": 2,
  "lemah lembut": 2,
  "lembut": 2,
  "lengkap": 2,
  "lezat": 2,
  "licin": 2,
  "lincah": 2,
  "lindungi": 2,
  "luas": 2,
  "lucu": 2,
  "lucu sekali": 2,
  "lunas": 2,
  "mabuk": 2,
  "mahal": 2,
  "makna": 2,
  "maksimal": 2,
  "manfaat": 2,
  "manis": 2,
  "manjur": 2,
  "mantab": 2,
  "masih hidup": 2,
  "masuk akal": 2,
  "matang": 2,
  "mau mendengarkan": 2,
  "medali": 2,
  "melapangkan": 2,
  "melebihi": 2,
  "melegakan": 2,
  "melengkapi": 2,
  "melindungi": 2,
  "melit": 2,
  "meluaskan": 2,
  "melucu": 2,
  "memaafkan": 2,
  "memahami": 2,
  "memajukan": 2,
  "membaik": 2,
  "membangkitkan": 2,
  "membebaskan": 2,
  "membela": 2,
  "membenarkan": 2,
  "memberanikan": 2,
  "memberi harapan": 2,
  "memberi penerangan": 2,
  "memberikan": 2,
  "memberikan ide": 2,
  "membersihkan": 2,
  "membersihkan nama baik": 2,
  "membesarkan": 2,
  "membolehkan": 2,
  "membuat menjadi milik": 2,
  "membuktikan kebenaran": 2,
  "membuktikan tidak bersalah": 2,
  "memecahkan persoalan": 2,
  "memeluk": 2,
  "memenuhi": 2,
  "memfokuskan": 2,
  "memohon": 2,
  "memotivasi": 2,
  "memperbaiki": 2,
  "memperboleh": 2,
  "memperdulikan": 2,
  "mempererat": 2,
  "memperjuangkan": 2,
  "mempermudah": 2,
  "mempertahankan": 2,
  "mempromosikan": 2,
  "memuaskan": 2,
  "memuji": 2,
  "memulihkan": 2,
  "memvalidasi": 2,
  "menabung": 2,
  "menantikan": 2,
  "menarik": 2,
  "menarik perhatian": 2,
  "menasihati": 2,
  "menawan": 2,
  "mencetuskan": 2,
  "mencium": 2,
  "mendapati": 2,
  "mendatangkan": 2,
  "mendukung": 2,
  "meneguhkan": 2,
  "menenangi": 2,
  "menenangkan": 2,
  "menentramkan": 2,
  "menerangi": 2,
  "menerima dengan senang hati": 2,
  "mengabsahkan": 2,
  "mengadili": 2,
  "mengadopsi": 2,
  "mengagumkan": 2,
  "mengambil": 2,
  "mengampuni": 2,
  "menganjurkan": 2,
  "mengapung": 2,
  "mengeduk": 2,
  "mengembangkan": 2,
  "mengesahkan": 2,
  "menggali": 2,
  "menggapai": 2,
  "menggemari": 2,
  "menggembirakan": 2,
  "menggiatkan": 2,
  "mengharap": 2,
  "mengharapkan": 2,
  "menghargai": 2,
  "menghemat": 2,
  "menghendaki": 2,
  "menghidupi": 2,
  "menghidupkan kembali": 2,
  "menghormati": 2,
  "mengijinkan": 2,
  "mengikutsertakan": 2,
  "mengilhami": 2,
  "mengizinkan": 2,
  "mengkilat": 2,
  "mengklarifikasi": 2,
  "menguat": 2,
  "menguatkan": 2,
  "mengucapkan selamat": 2,
  "mengucapkan sumpah": 2,
  "mengunci": 2,
  "menguntungkan": 2,
  "menguraikan": 2,
  "menikmati": 2,
  "meningkatkan": 2,
  "menjaga": 2,
  "menolong": 2,
  "menonjol": 2,
  "menstimulasi": 2,
  "menunjang": 2,
  "menyamankan": 2,
  "menyambut": 2,
  "menyehatkan": 2,
  "menyelamati": 2,
  "menyelamatkan": 2,
  "menyelesaikan": 2,
  "menyemangati": 2,
  "menyetujuu": 2,
  "menyimpan": 2,
  "menyoroti": 2,
  "menyukai": 2,
  "meraih": 2,
  "merawat": 2,
  "merekomendasikan": 2,
  "metodis": 2,
  "meyakini": 2,
  "minat": 2,
  "minta": 2,
  "modal": 2,
  "motivasi": 2,
  "muali panas": 2,
  "muda": 2,
  "mudah terlihat": 2,
  "musyawarah": 2,
  "mutakhir": 2,
  "novel": 2,
  "oportunitas": 2,
  "optimis": 2,
  "optimisme": 2,
  "optimistik": 2,
  "orang selamat": 2,
  "orang yang bertahan": 2,
  "pada intinya": 2,
  "padat": 2,
  "padu": 2,
  "pahala": 2,
  "pahlawan": 2,
  "paling atas": 2,
  "paling pintar": 2,
  "paling silau": 2,
  "paling terang": 2,
  "panas": 2,
  "pandai bergaul": 2,
  "pangling": 2,
  "pantas": 2,
  "para pahlawan": 2,
  "para pembela": 2,
  "pede": 2,
  "pelindung": 2,
  "peluang": 2,
  "peluk": 2,
  "pelukan": 2,
  "pembebas": 2,
  "pembela": 2,
  "pemberani": 2,
  "pemberian semangat": 2,
  "pembetulan": 2,
  "pembuktian": 2,
  "pemecahan masalah": 2,
  "pemeriksaan secara teliti": 2,
  "pemerkosaan": 2,
  "penahan": 2,
  "penampilan": 2,
  "pencetus": 2,
  "pendukung": 2,
  "penerimaan": 2,
  "pengampunan": 2,
  "pengasih": 2,
  "pengesahan": 2,
  "penghargaan": 2,
  "penglihatan": 2,
  "penguatan": 2,
  "pengukuhan": 2,
  "penjiwaan": 2,
  "penjualan": 2,
  "penolongan": 2,
  "penting": 2,
  "pentingnya": 2,
  "penuh aksi": 2,
  "penuh arti": 2,
  "penuh belas kasih": 2,
  "penuh daya": 2,
  "penuh gairah": 2,
  "penuh kasih": 2,
  "penuh semangat": 2,
  "penunjang": 2,
  "penyayang": 2,
  "penyempurnaan": 2,
  "penyingkatan": 2,
  "peperangan": 2,
  "perbaikan": 2,
  "percaya": 2,
  "percaya diri": 2,
  "percikan": 2,
  "perdamaian": 2,
  "pergulatan": 2,
  "periang": 2,
  "peristiwa penting": 2,
  "perjanjian": 2,
  "perjuangan": 2,
  "perkembangan": 2,
  "perkuat": 2,
  "perlindungan": 2,
  "permata": 2,
  "persetujuan": 2,
  "pertahankan": 2,
  "pertolongan": 2,
  "pertumbuhan": 2,
  "pertunjukan": 2,
  "petualangan": 2,
  "petualangan2": 2,
  "piagam": 2,
  "positif": 2,
  "proaktif": 2,
  "promosi": 2,
  "prospek": 2,
  "puji": 2,
  "rahmat": 2,
  "raih": 2,
  "ramah": 2,
  "ramah tamah": 2,
  "rapih": 2,
  "raya": 2,
  "rekomendasi": 2,
  "rela": 2,
  "resmi": 2,
  "responsif": 2,
  "rezeki": 2,
  "ria": 2,
  "roman": 2,
  "romantis": 2,
  "saat yang baik": 2,
  "sabar": 2,
  "sadar kembali": 2,
  "sah": 2,
  "salut": 2,
  "sambut": 2,
  "sangat": 2,
  "sangat bagus": 2,
  "sangat berkuasa": 2,
  "sangat lucu": 2,
  "sangat menarik": 2,
  "secara anggun": 2,
  "secara lengkap": 2,
  "secara nyata": 2,
  "secara positif": 2,
  "secara utuh": 2,
  "sehat": 2,
  "seimbang": 2,
  "sejati": 2,
  "sekali": 2,
  "selamat datang": 2,
  "seloroh": 2,
  "semangat": 2,
  "semoga": 2,
  "sempurna": 2,
  "sengit": 2,
  "sentosa": 2,
  "serius": 2,
  "setuju": 2,
  "sigap": 2,
  "simpati": 2,
  "simpatik": 2,
  "sinar matahari": 2,
  "singkat": 2,
  "solek": 2,
  "solid": 2,
  "sopan": 2,
  "sorak": 2,
  "sorot": 2,
  "stabil": 2,
  "suam": 2,
  "substansial": 2,
  "subur": 2,
  "subur": 2,
  "sudilah": 2,
  "suka": 2,
  "suka bergurau": 2,
  "suka bermain": 2,
  "suka berpikir": 2,
  "sukma": 2,
  "sumpah": 2,
  "susila": 2,
  "tak kenal takut": 2,
  "tak percaya": 2,
  "tak terkalahkan": 2,
  "tangguh": 2,
  "tanggung jawab": 2,
  "tawar menawar": 2,
  "tegar": 2,
  "tegas": 2,
  "tekun": 2,
  "tenaga": 2,
  "tender": 2,
  "tenteram": 2,
  "tentram": 2,
  "tepuk tangan": 2,
  "teramat": 2,
  "teratas": 2,
  "terbebaskan": 2,
  "tercerahkan": 2,
  "terfokuskan": 2,
  "tergila-gila": 2,
  "terima": 2,
  "terima kasih": 2,
  "terinspirasi": 2,
  "terkenal": 2,
  "terklarifikasi": 2,
  "terkunci": 2,
  "terlalu": 2,
  "terlalu banyak menjual": 2,
  "terlindung": 2,
  "terlindungi": 2,
  "terlucu": 2,
  "termotivasi": 2,
  "terobsesi": 2,
  "terpenuhi": 2,
  "terpikat": 2,
  "terselamati": 2,
  "tersorot": 2,
  "tertarik": 2,
  "tertawa": 2,
  "tertolong": 2,
  "terus terang": 2,
  "tidaj berguna": 2,
  "tidak cepat marah": 2,
  "tidak dapat dihancurkan": 2,
  "tidak dapat dihentikan": 2,
  "tidak dapat dirusak": 2,
  "tidak dapat diubah": 2,
  "tidak dibuat-buat": 2,
  "tidak menyadari": 2,
  "tidak punya gigi": 2,
  "tidak tertahan": 2,
  "tidak yakin": 2,
  "toleran": 2,
  "toleransi": 2,
  "tonggak batas": 2,
  "trims": 2,
  "tulus": 2,
  "untung": 2,
  "urgen": 2,
  "utuh": 2,
  "validasi": 2,
  "wajib": 2,
  "waspada": 2,
  "wow": 2,
  "yakin": 2,
  "yakin pada diri sendiri": 2,
  "yang berkepentigan": 2,
  "yang dihormati": 2,
  "yang diinginkan": 2,
  "yang disetujui": 2,
  "yang disukai": 2,
  "yang memberi penerangan": 2,
  "yang mendapat penerangan": 2,
  "yang meningkat hasilnya": 2,
  "yang paling disukai": 2,
  "agung": 3,
  "ajaib": 3,
  "akrab": 3,
  "ampuh": 3,
  "anteng": 3,
  "arah yang benar": 3,
  "ayu": 3,
  "baik hati": 3,
  "bajik": 3,
  "bakti": 3,
  "bangsawan": 3,
  "barang keren": 3,
  "beken": 3,
  "berani": 3,
  "berbudi luhur": 3,
  "berbudi pekerti luhur": 3,
  "bergetar": 3,
  "berhasrat": 3,
  "berjarum": 3,
  "berkat": 3,
  "berkebaikan": 3,
  "berkelas": 3,
  "berkelip": 3,
  "berkuasa": 3,
  "bernasib baik": 3,
  "bernasib mujur": 3,
  "berpesta": 3,
  "bersemarak": 3,
  "bersenang-senang": 3,
  "bersorak": 3,
  "bersorak gembira": 3,
  "bersorak-sorai": 3,
  "bersyukur": 3,
  "bertanggung jawab": 3,
  "bertekad": 3,
  "bertepuk tangan": 3,
  "beruntung": 3,
  "berwibawa": 3,
  "betul": 3,
  "blockbuster": 3,
  "cantik": 3,
  "cinta": 3,
  "cinta kasih": 3,
  "dagelan": 3,
  "dahsyat": 3,
  "dalil": 3,
  "daya guna": 3,
  "daya lihat": 3,
  "daya tubuh": 3,
  "dengan gagah": 3,
  "dengan gembira": 3,
  "dengan ikhlas": 3,
  "dengan indah": 3,
  "dengan sempurna": 3,
  "dengan senang": 3,
  "diagungkan": 3,
  "dicintai": 3,
  "didamaikan": 3,
  "dijamin": 3,
  "dikagumi": 3,
  "dikasihi": 3,
  "dikukuhkan": 3,
  "dimuliakan": 3,
  "dipercaya": 3,
  "diperjuangkan": 3,
  "dipikat": 3,
  "diramahkan": 3,
  "dirayakan": 3,
  "diredakan": 3,
  "direstui": 3,
  "disanjung": 3,
  "disayang": 3,
  "disayangi": 3,
  "disemangati": 3,
  "disenangi": 3,
  "ditenangkan": 3,
  "ditenteramkan": 3,
  "elok": 3,
  "euforia": 3,
  "fadilat": 3,
  "film keren": 3,
  "firdaus": 3,
  "ftw": 3,
  "gairah": 3,
  "gemar sekali": 3,
  "gemerlap": 3,
  "gemilang": 3,
  "girang": 3,
  "glamor": 3,
  "gokil": 3,
  "goncangan": 3,
  "hahaha": 3,
  "hahahah": 3,
  "hal cantik": 3,
  "hal yang keren": 3,
  "hal yang populer": 3,
  "hasil": 3,
  "hebat": 3,
  "hehe": 3,
  "hehehe": 3,
  "heroik": 3,
  "hibur": 3,
  "hiburan": 3,
  "hiburan-hiburan": 3,
  "hoki": 3,
  "hukum": 3,
  "ikhlas": 3,
  "ilham": 3,
  "impian": 3,
  "impresif": 3,
  "imut": 3,
  "indah": 3,
  "ingin sekali": 3,
  "inspiratif": 3,
  "integritas": 3,
  "jagoan": 3,
  "janat": 3,
  "jaya": 3,
  "jelita": 3,
  "kagum": 3,
  "karya": 3,
  "kasih": 3,
  "kasih sayang": 3,
  "keajaiban": 3,
  "keakraban": 3,
  "kebagusan": 3,
  "kebahagiaan": 3,
  "kebaikan": 3,
  "kebaktian": 3,
  "keberuntungan": 3,
  "kegembiraan": 3,
  "kegilaan": 3,
  "kegunaan": 3,
  "keihklasan": 3,
  "kekuasaan": 3,
  "kelembekan": 3,
  "kelezatan": 3,
  "kelip": 3,
  "kemahiran-kemahiran": 3,
  "kemujuran": 3,
  "kenikmatan": 3,
  "kepedulian": 3,
  "kepemilikan sesuatu yang bernilai": 3,
  "kepuasan": 3,
  "keranjingan": 3,
  "keren": 3,
  "keriaan": 3,
  "keriangan": 3,
  "kesenangan-kesenangan": 3,
  "kesetiaan": 3,
  "kesetiakawanan": 3,
  "kesukaan": 3,
  "kesuksesan": 3,
  "kesungguhan": 3,
  "ketenangan": 3,
  "ketulusan hati": 3,
  "keunggulan": 3,
  "khidmat": 3,
  "khusyuk": 3,
  "kilau": 3,
  "kondang": 3,
  "kuasa": 3,
  "kukuh": 3,
  "lebih": 3,
  "lebih hebat": 3,
  "loyal": 3,
  "loyalitas": 3,
  "luar biasa": 3,
  "luhur": 3,
  "makmur": 3,
  "mapan": 3,
  "megah": 3,
  "memberanikan diri": 3,
  "memenuhu tuntutan": 3,
  "memesona": 3,
  "memikat": 3,
  "meminang": 3,
  "memperbagus": 3,
  "memperbagusi": 3,
  "memperbaguskan": 3,
  "mempercantik": 3,
  "memperindah": 3,
  "memperkukuh": 3,
  "mempesona": 3,
  "mempesonakan": 3,
  "memuja": 3,
  "memukau": 3,
  "memuliakan": 3,
  "menakjubkan": 3,
  "menakujbkan": 3,
  "menang": 3,
  "mencengangkan": 3,
  "mencintai": 3,
  "mendamaikan": 3,
  "meneduhkan": 3,
  "menembus": 3,
  "menenteramkan": 3,
  "menetramkan": 3,
  "mengagumi": 3,
  "mengagungkan": 3,
  "menganuti": 3,
  "mengasihi": 3,
  "mengasyikkan": 3,
  "mengelokkan": 3,
  "mengesalkam": 3,
  "mengesankan": 3,
  "menghadiahkan": 3,
  "mengharapkab": 3,
  "mengindahkan": 3,
  "menginspirasi": 3,
  "mengobarkan": 3,
  "mengukuhkan": 3,
  "menjamin": 3,
  "menunjukkan kegembiraan": 3,
  "menyayangi": 3,
  "menyejukan": 3,
  "menyempurnakan": 3,
  "menyenangkan": 3,
  "menyoraki": 3,
  "merayakan": 3,
  "meredakan": 3,
  "merestui": 3,
  "mewah": 3,
  "mufakat": 3,
  "mujur": 3,
  "mukjizat": 3,
  "mulia": 3,
  "nasib": 3,
  "ngakunya ramah lingkungan": 3,
  "nikmat": 3,
  "ningrat": 3,
  "nyaman": 3,
  "orang yang berhasil": 3,
  "paling baik": 3,
  "paling jelek": 3,
  "paling kuat": 3,
  "paling perkasa": 3,
  "paling tangguh": 3,
  "pandai": 3,
  "pasti": 3,
  "pelesir": 3,
  "pembagusan": 3,
  "pembebasan": 3,
  "pembersihan": 3,
  "pemikatan": 3,
  "penembusan": 3,
  "penggemar": 3,
  "penghadiahan": 3,
  "penghormatan": 3,
  "penuh glamor": 3,
  "penuh kebahagiaan": 3,
  "penuh kegembiraan": 3,
  "penyayangan": 3,
  "penyerahan": 3,
  "perbuatan berani": 3,
  "perkasa": 3,
  "permai": 3,
  "permufakatan": 3,
  "pesona": 3,
  "pikat": 3,
  "populer": 3,
  "puas": 3,
  "pujian": 3,
  "ramai": 3,
  "ransangan": 3,
  "rayuan": 3,
  "restu": 3,
  "riang": 3,
  "riang": 3,
  "riang gembira": 3,
  "sangat bergembira": 3,
  "sangat indah": 3,
  "sangat percaya": 3,
  "sangat senang": 3,
  "sangat suka": 3,
  "sangat tajam": 3,
  "sangat tepat": 3,
  "sangat terpesona": 3,
  "sanjungan": 3,
  "sayang": 3,
  "sayangi": 3,
  "sebaiknya": 3,
  "sejahtara": 3,
  "sekali dalam seumur hidup": 3,
  "senang": 3,
  "sentakan": 3,
  "setia": 3,
  "setia kawan": 3,
  "solidaritas": 3,
  "solusi": 3,
  "sorakan": 3,
  "suka cita": 3,
  "sukaria": 3,
  "sukses": 3,
  "sungguh-sungguh": 3,
  "super": 3,
  "taat": 3,
  "tabah": 3,
  "teguh": 3,
  "teguh hati": 3,
  "teliti": 3,
  "teramah": 3,
  "teransang": 3,
  "terbagus": 3,
  "terbahak-bahak": 3,
  "terbaik": 3,
  "terbesar": 3,
  "tergaransi": 3,
  "terhibur": 3,
  "terjamin": 3,
  "terkesan": 3,
  "terkuat": 3,
  "terlampau": 3,
  "terluas": 3,
  "terpesona": 3,
  "terpuji": 3,
  "terpukau": 3,
  "tersayang": 3,
  "tertinggi": 3,
  "terutama": 3,
  "tiada bandingan": 3,
  "tidak dicintai": 3,
  "tidak rata": 3,
  "tinggi": 3,
  "tobat": 3,
  "tresno": 3,
  "tulus ikhlas": 3,
  "tunduk": 3,
  "ulung": 3,
  "ulung": 3,
  "undang-undang": 3,
  "untuk kemenangan": 3,
  "untunglah": 3,
  "wahyu": 3,
  "wakaka": 3,
  "wanita cantik": 3,
  "wibawa": 3,
  "wkwk": 3,
  "wkwkwk": 3,
  "wkwkwkwk": 3,
  "yang diidamkan": 3,
  "yang menggairahkan": 3,
  "yang merangsang": 3,
  "akad": 4,
  "bahagia": 4,
  "berjaya": 4,
  "bermutu tinggi": 4,
  "bersuka cita": 4,
  "dengan sangat": 4,
  "doa": 4,
  "fantastis": 4,
  "gembira sekali": 4,
  "hasil karya": 4,
  "hibah": 4,
  "jenius": 4,
  "juara": 4,
  "karya agung": 4,
  "karya besar": 4,
  "keagungan": 4,
  "keasyikan": 4,
  "kecemerlangan": 4,
  "kegirangan": 4,
  "kegirangan-kegirangan": 4,
  "kemenangan": 4,
  "kemuliaan": 4,
  "kesayangan": 4,
  "lebih lucu": 4,
  "memberkati": 4,
  "memenangi": 4,
  "memenangkan": 4,
  "menceggangkan": 4,
  "mendoakan": 4,
  "mengelu-elu": 4,
  "menhibahkan": 4,
  "menimbulkan suka cita": 4,
  "meriangkan": 4,
  "mutlak": 4,
  "mutu tinggi": 4,
  "paling hebat": 4,
  "pemberkatan": 4,
  "pemenang": 4,
  "penemuan": 4,
  "penolong": 4,
  "penyelamat": 4,
  "perestuan": 4,
  "sangat gembira": 4,
  "superior": 4,
  "surga": 4,
  "takjub": 4,
  "teragung": 4,
  "tercenggang-cenggang": 4,
  "terhebat": 4,
  "terhormat": 4,
  "terkagum-kagum": 4,
  "terkemuka": 4,
  "terkenal": 4,
  "terpersona": 4,
  "terpingkal-pingkal": 4,
  "unggul": 4,
  "yang dimuliakan": 4,
  "yang menggembirakan": 4,
  "dewa": 5,
  "dirahmati": 5,
  "hore": 5,
  "kekasih": 5,
  "kerahmatan": 5,
  "seperti surga": 5,
  "surgawi": 5,
  "tercinta": 5,
  "tuhan": 5,
  "utama": 5,
  "yang mempesonakan": 5
}