{
  "放棄": -1,
  "放棄する": -1,
  "放棄された": -2,
  "拉致された": -2,
  "拉致": -2,
  "嫌う": -3,
  "忌み嫌う": -3,
  "嫌われた": -3,
  "忌まわしい": -3,
  "大嫌いな": -3,
  "能力": 2,
  "才能": 2,
  "アビリティ": 2,
  "乗船する": 1,
  "乗車する": 1,
  "乗る": 1,
  "不在者": -1,
  "欠席者": -1,
  "不参者": -1,
  "解除する": 2,
  "許す": 2,
  "放免する": 2,
  "解除された": 2,
  "許された": 2,
  "解かれた": 2,
  "吸収された": 1,
  "夢中になった": 2,
  "乱用する": -3,
  "虐待する": -3,
  "罵る": -2,
  "悪用する": -2,
  "虐待": -3,
  "乱用された": -3,
  "虐待された": -3,
  "悪用された": -3,
  "罵られた": -3,
  "口汚い": -3,
  "虐待的な": -3,
  "悪態": -2,
  "受け入れる": 1,
  "許容する": 1,
  "アクセプト": 1,
  "容認する": 1,
  "受け入れられた": 1,
  "許容された": 1,
  "認められた": 2,
  "事故": -2,
  "アクシデント": -2,
  "偶然": -2,
  "偶然の": -2,
  "事故の": -2,
  "偶然に": -2,
  "誤って": -2,
  "過失で": -2,
  "たまたま": -2,
  "達成する": 2,
  "成し遂げる": 2,
  "完成する": 2,
  "達成した": 2,
  "成し遂げた": 2,
  "完成した": 2,
  "果たした": 2,
  "告発": -2,
  "告訴": -1,
  "非難する": -2,
  "告発する": -2,
  "訴える": -2,
  "責める": -2,
  "非難される": -2,
  "告発される": -2,
  "訴えられた": -2,
  "責められた": -2,
  "痛み": -2,
  "痛む": -2,
  "達成可能": 1,
  "達成可能な": 1,
  "達成できる": 1,
  "疼く": -2,
  "無罪": 2,
  "無罪にする": 2,
  "免除する": -1,
  "免ずる": 2,
  "免除された": 2,
  "免じた": 2,
  "解放する": 2,
  "激しい": -2,
  "刺々しい": -2,
  "辛辣な": -3,
  "アクティブ": 1,
  "活動的な": 2,
  "有効な": 1,
  "積極的な": 2,
  "十分な": 1,
  "相応な": 1,
  "愛でる": 3,
  "称賛する": 3,
  "敬う": 3,
  "憧れ": 1,
  "憧れる": -1,
  "愛でた": 3,
  "称賛した": 3,
  "称賛された": 2,
  "敬われた": 3,
  "認める": -1,
  "収容する": -1,
  "収容された": -1,
  "注意する": -2,
  "警告する": -2,
  "アドバイスする": -2,
  "注意した": -2,
  "注意された": -2,
  "警告した": -2,
  "警告された": -2,
  "採用": 1,
  "採用する": 1,
  "取り入れる": 1,
  "養子にする": 1,
  "愛らしい": 3,
  "かわいらしい": 3,
  "愛おしい": 3,
  "ほれぼれする": 3,
  "恋しい": 3,
  "崇拝する": 3,
  "大好き": 3,
  "愛おしんだ": 3,
  "恋した": 3,
  "憧れた": 3,
  "崇拝した": 3,
  "アドバンスト": 1,
  "上級の": 1,
  "先進的な": 1,
  "アドバンテージ": 2,
  "利点": 2,
  "強み": 2,
  "アドベンチャー": 2,
  "冒険": 2,
  "剖検好きな": 2,
  "大胆な": 2,
  "冒険的な": 2,
  "影響された": -1,
  "影響を受けた": -1,
  "気取った": 2,
  "愛情": 3,
  "優しさ": 2,
  "愛情の深い": 3,
  "優しい": 2,
  "睦まじい": 3,
  "愛のある": 3,
  "悩んでいる": -4,
  "苦しんでいる": -3,
  "悩む": -2,
  "侮辱を受ける": -1,
  "辱めを受けた": -1,
  "怖がる": -2,
  "恐れる": -2,
  "心配する": -3,
  "悪化させる": -3,
  "怒らせる": -2,
  "悪化した": -3,
  "悪化された": -2,
  "怒らせた": -2,
  "攻撃性": -2,
  "侵略": -2,
  "攻撃的な": -2,
  "押しの強い": -1,
  "侵略的な": -2,
  "仰天した": -2,
  "呆れた": -2,
  "大騒ぎの": 2,
  "わくわくして": 2,
  "沸き立って": 2,
  "苦しむ": -2,
  "苦しみ": -2,
  "苦悶の": -3,
  "同意": 2,
  "同意する": 2,
  "同意可能な": 2,
  "心地よい": 3,
  "感じの良い": 2,
  "同意した": 1,
  "承知した": 1,
  "決められた": 1,
  "同意書": 1,
  "協定": 1,
  "合意": 1,
  "規約": 1,
  "アラーム": -2,
  "警報": -1,
  "警戒した": -2,
  "騒がしい": -2,
  "不安を感じて": -2,
  "人騒がせな人": -2,
  "心配性の人": -2,
  "無念": -1,
  "残念": -1,
  "あぁ": -1,
  "悲しい": -2,
  "アラート": -1,
  "敏捷な": -1,
  "疎外": -2,
  "譲渡": -2,
  "疎外感": -2,
  "不仲": -2,
  "生きている": 1,
  "アレルギー": -2,
  "アレルギー性の": -2,
  "許可する": 1,
  "孤独": -2,
  "ひとり": -2,
  "単独で": -2,
  "驚く": 2,
  "びっくりする": 2,
  "驚いた": 2,
  "アメージング": 4,
  "すごい": 3,
  "素敵": 4,
  "素晴らしい": 4,
  "野心的な": 1,
  "大志のある": 2,
  "意欲的な": 2,
  "相反する": -2,
  "両価的な": -1,
  "両性愛者": -1,
  "楽しむ": 2,
  "慰める": 2,
  "遊ぶ": 3,
  "笑わせる": 3,
  "楽しんだ": 3,
  "おかしがる": 3,
  "面白がる": 3,
  "アミューズメント": 3,
  "娯楽": 3,
  "楽しみ": 3,
  "怒り": -3,
  "怒る": -2,
  "怒っている": -3,
  "苦悶して": -3,
  "苦悶": -3,
  "悩み": -2,
  "苦悩": -1,
  "悩んだ": -2,
  "悩まされた": -2,
  "敵意": -2,
  "恨み": -2,
  "憎しみ": -2,
  "不快": -2,
  "悩ます": -3,
  "困らせる": -2,
  "うざい": -2,
  "いらだち": -2,
  "不快なこと": -2,
  "悩みの種": -2,
  "困る": -2,
  "うざく思う": -2,
  "迷惑な": -2,
  "うるさい": -2,
  "敵対的な": -2,
  "反対の": -1,
  "矛盾する": -2,
  "対立する": -2,
  "反対者": -1,
  "アンチ": -1,
  "予想": 1,
  "予期": 1,
  "前もって": 1,
  "期待": 1,
  "心配": -2,
  "不安": -3,
  "切望": -2,
  "心配になる": -2,
  "不安になる": -2,
  "切望する": 1,
  "無関心な": -2,
  "不愛想な": -3,
  "冷淡な": -3,
  "無関心": -2,
  "無感動": -3,
  "冷淡": -3,
  "無気力": -2,
  "イカレル": -3,
  "正気を失う": -3,
  "黙示録的な": -2,
  "黙示録": -2,
  "世界の終わりの": -2,
  "謝罪する": -1,
  "謝る": -1,
  "詫びる": -1,
  "謝罪した": -1,
  "謝った": -1,
  "謝罪する､謝る": -1,
  "謝罪": -1,
  "弁明": -1,
  "擁護": -1,
  "度肝を抜かれる": -2,
  "ぎょっとする": -2,
  "ぞっとする": -2,
  "愕然とする": -2,
  "ひどい": -3,
  "恐ろしい": -3,
  "壮絶な": -2,
  "甚だしい": -2,
  "なだめる": 3,
  "落ち着かせる": 3,
  "和らげる": 3,
  "拍手喝采する": 2,
  "褒める": 3,
  "拍手された": 2,
  "褒められた": 2,
  "拍手": 2,
  "拍手喝采": 2,
  "称賛": 3,
  "感謝する": 2,
  "高く評価する": 2,
  "鑑賞する": 2,
  "有り難い": 2,
  "高く評価された": 2,
  "感謝": 2,
  "評価": 2,
  "鑑賞": 2,
  "心配な": -3,
  "不安な": -2,
  "承認": 2,
  "認可": 2,
  "承認された": 2,
  "許可された": 2,
  "同意された": 2,
  "熱烈な": 2,
  "熱心な": 1,
  "強い": 2,
  "逮捕する": -2,
  "逮捕": -2,
  "阻止": -2,
  "逮捕された": -3,
  "横柄な": -2,
  "傲慢な": -2,
  "高慢な": -2,
  "恥をかかせる": -3,
  "残念なこと": -2,
  "恥じて": -2,
  "恥ずかしがって": -2,
  "ケツ": -4,
  "暗殺": -3,
  "アセット": 2,
  "資産": 2,
  "財産": 3,
  "肛門性交": -4,
  "ろくでもない": -4,
  "下等な": -4,
  "糞な": -4,
  "ケツの穴": -4,
  "ろくでなし": -4,
  "くそ野郎": -5,
  "舌を巻く": 2,
  "驚愕する": 3,
  "肝をつぶす": 2,
  "度肝を抜く": 4,
  "驚かせる": 3,
  "度肝を抜かされた": 3,
  "驚かされた": 3,
  "度肝を抜くような": 3,
  "驚異的な": 3,
  "驚くほど": 3,
  "信じられないほど": 3,
  "攻撃": -1,
  "攻撃する": -1,
  "非難": -2,
  "攻撃された": -1,
  "魅了する": 3,
  "誘致する": 1,
  "引き付ける": 2,
  "魅了された": 3,
  "引き付けられた": 1,
  "心が引かれた": 1,
  "誘因": 2,
  "アトラクション": 2,
  "魅力": 3,
  "引き付けるもの": 2,
  "厚かましい": -1,
  "ずぶとい": 3,
  "オーソリティ": 1,
  "権威": 1,
  "権力": 1,
  "権限": 1,
  "避ける": -1,
  "逸らす": -1,
  "避けられた": -1,
  "逸らされた": -1,
  "貪欲な": 2,
  "回避する": -1,
  "控える": -1,
  "回避された": -1,
  "待つ": -1,
  "待ち受ける": -1,
  "待った": -1,
  "待ち受けた": -1,
  "アワード": 3,
  "賞": 3,
  "受賞する": 3,
  "与えられる": 1,
  "物凄い": 4,
  "酷い": -3,
  "きまりの悪い": -2,
  "ぎこちない": -2,
  "斧": -1,
  "切る": -1,
  "切られる": -1,
  "中止になる": -1,
  "クビになる": -2,
  "支持された": 2,
  "裏書のある": 1,
  "後援": 2,
  "支援": 2,
  "裏打ち": 2,
  "保証": 1,
  "後ろ": 1,
  "支持": 2,
  "悪い": -2,
  "良くない": -2,
  "粗い": -3,
  "ワル": -3,
  "イカれてる": -3,
  "悪徳": -3,
  "ひどく": -4,
  "残念な": -2,
  "救済策": -2,
  "財政援助": -2,
  "くらます": -2,
  "欺く": -2,
  "騙す": -3,
  "カモにする": -2,
  "欺かれた": -2,
  "騙された": -2,
  "カモにされた": -2,
  "禁止": -2,
  "破門": -2,
  "反対": -2,
  "払いのける": -1,
  "追放する": -1,
  "自己破産": -3,
  "破産者": -3,
  "破産した": -3,
  "バンクスター": -3,
  "禁じられた": -2,
  "禁止された": -2,
  "バーゲン": 2,
  "大特価": 2,
  "取引": 2,
  "バリア": -2,
  "妨げ": -2,
  "障害": -2,
  "父親のいない子": -5,
  "親なし": -5,
  "くそったれ": -4,
  "戦争": -2,
  "バトル": -1,
  "殴られた": -2,
  "参った": -2,
  "打ちのめされた": -3,
  "至福の": 3,
  "幸福に輝いた": 3,
  "打撃": -3,
  "打つこと": -1,
  "美": 3,
  "美貌": 3,
  "美しさ": 3,
  "美しい": 3,
  "美しく": 3,
  "申し分なく": 3,
  "美しくする": 3,
  "美化する": 3,
  "立派にする": 3,
  "過小評価する": -2,
  "卑下する": -2,
  "けなす": -2,
  "みくびる": -1,
  "過小評価された": -2,
  "見くびられた": -2,
  "けなされた": -2,
  "愛された": 3,
  "最愛の": 3,
  "愛しの": 3,
  "利益": 2,
  "手当": 2,
  "恩恵を受けた": 2,
  "利益を与えられた": 2,
  "利益をもたらす": 2,
  "失わせる": -2,
  "死別する": -2,
  "奪う": -2,
  "死別した": -2,
  "遺族": 2,
  "残された": -2,
  "奪われている": -2,
  "失っている": -2,
  "ベスト": 3,
  "最善": 3,
  "裏切る": -2,
  "だます": -3,
  "密告する": -3,
  "裏切り": -3,
  "背信": -3,
  "密告": -3,
  "裏切られた": -3,
  "より良い": 2,
  "偏り": -1,
  "先入観": -1,
  "傾向": -1,
  "偏った": -2,
  "偏る": -2,
  "大きい": 1,
  "ビッチ": -5,
  "あばずれ": -4,
  "尻軽女": -4,
  "あま": -5,
  "苦い": -2,
  "ビター": -2,
  "激しく": -3,
  "奇怪な": -2,
  "異様な": -2,
  "おかしな": -2,
  "ばかばかしい": -3,
  "咎める": -2,
  "非難された": -2,
  "咎められた": -2,
  "非難すること": -2,
  "責めること": -2,
  "ご加護": 2,
  "恵み": 3,
  "授ける": 2,
  "恩恵": 3,
  "幸運": 3,
  "祈り": 3,
  "盲目": -1,
  "ブラインド": -1,
  "目の不自由な": -1,
  "幸福": 3,
  "至福": 3,
  "無上の喜び": 3,
  "この上なく幸せな": 3,
  "陽気な": 3,
  "気さくな": 2,
  "朗らかな": 2,
  "ブロック": -1,
  "塞ぐ": -1,
  "ブロックバスター": 3,
  "超大作": 3,
  "ブロックされた": -1,
  "塞いでいる": -1,
  "ブロックしている": -1,
  "血まみれの": -3,
  "ぼんやりした": -2,
  "ブレている": -2,
  "不鮮明な": -2,
  "自慢げに": 2,
  "自慢したがる": -2,
  "ボールド": 2,
  "肉太の": 2,
  "思い切って": 2,
  "大胆に": 2,
  "勇敢に": 2,
  "爆弾": -1,
  "ブースト": 1,
  "増大": 1,
  "押上げ": 1,
  "つりあげ": 1,
  "押し上げられた": 1,
  "つり上げられた": 1,
  "穴をあける": -2,
  "退屈なもの": -2,
  "飽きる": -2,
  "退屈する": -2,
  "暇": -2,
  "退屈な": -2,
  "うんざりするような": -3,
  "つまらない": -2,
  "邪魔をする": -2,
  "迷惑をかける": -2,
  "邪魔された": -2,
  "厄介な": -3,
  "煩い": -2,
  "面倒な": -3,
  "ボイコット": -2,
  "ボイコットする": -2,
  "拒否する": -1,
  "洗脳": -3,
  "洗脳すること": -2,
  "勇敢な": 3,
  "立派な": 2,
  "ブレイクスルー": 3,
  "突破": 3,
  "打開策": 3,
  "進展": 3,
  "息をのむような": 5,
  "あっと言わせるような": 5,
  "賄賂": -3,
  "買収": -3,
  "明るい": 2,
  "輝く": 3,
  "最も明るい": 2,
  "明るさ": 1,
  "輝き": 1,
  "ブリリアント": 4,
  "光り輝く": 3,
  "活発な": 2,
  "活気づいた": 2,
  "無一文": -1,
  "壊れた": -3,
  "壊された": -1,
  "壊れている": -1,
  "己惚れた": -2,
  "いじめられた": -2,
  "でたらめ": -4,
  "戯言": -4,
  "嘘っぱち": -4,
  "くそ": -4,
  "いじめっ子": -2,
  "いじめ": -2,
  "いじめること": -2,
  "いやだ": -2,
  "がっかりだ": -2,
  "浮力のある": 2,
  "上がり気味の": 2,
  "重荷": -2,
  "負担": -2,
  "負担をかけられた": -2,
  "負担のかかった": -2,
  "落ち着く": 3,
  "穏やか": 2,
  "平穏な": 2,
  "弱まった": 2,
  "静まった": 2,
  "静まること": 2,
  "穏やかな": 2,
  "我慢できない": -3,
  "耐えられない": -3,
  "キャンセル": -1,
  "取り消す": -1,
  "キャンセルされた": -1,
  "取り消された": -1,
  "キャンセルする": -1,
  "癌": -1,
  "悪性腫瘍": -1,
  "有能な": 2,
  "能力のある": 1,
  "才能のある": 1,
  "可能な": 1,
  "虜にされた": 3,
  "奪われた": 3,
  "気遣う": 2,
  "配慮する": 2,
  "心配のない": 1,
  "気苦労なく": 1,
  "呑気な": 1,
  "慎重な": 2,
  "注意深い": 2,
  "気をつける": 2,
  "慎重に": 1,
  "注意深く": 2,
  "ケアレス": -2,
  "不注意な": -2,
  "そそっかしい": -2,
  "利害に走る": -2,
  "犠牲者": -3,
  "大惨事": -2,
  "大災害": -3,
  "壊滅的な": -3,
  "破滅的な": -4,
  "悲劇的な": -2,
  "用心深い": 3,
  "周到な": -1,
  "祝う": 4,
  "有名な": 2,
  "名高い": 3,
  "祝われた": 3,
  "祝っている": 3,
  "センサー": -2,
  "検閲": -2,
  "検閲する": -2,
  "検閲された": -2,
  "打ち切られた": -2,
  "確かな": 2,
  "確実な": 2,
  "口惜しさ": -2,
  "無念さ": -2,
  "残念で": -2,
  "挑発する": -1,
  "盾突く": -1,
  "チャンス": 2,
  "機会": 2,
  "カオス": -2,
  "無秩序": -2,
  "大混乱": -2,
  "混沌": -2,
  "混沌とした": -2,
  "無秩序な": -2,
  "課される": -3,
  "有罪にされる": -3,
  "課金": -2,
  "チャーム": 3,
  "お守り": 3,
  "チャーミング": 3,
  "魅力的": 3,
  "可愛げがない": -3,
  "魅力のない": -3,
  "叱責する": -3,
  "ひどく叱られた": -3,
  "折檻する": -3,
  "浮気する": -3,
  "カンニング": -3,
  "ごまかす": -3,
  "詐欺": -2,
  "浮気された": -3,
  "浮気者": -3,
  "詐欺師": -4,
  "ぺてん師": -3,
  "元気": 2,
  "歓呼": 2,
  "乾杯": 2,
  "応援された": 2,
  "元気になった": 2,
  "快活な": 3,
  "応援": 2,
  "励ましになる": 2,
  "元気づける": 1,
  "暗い": -2,
  "陰気な": -1,
  "さようなら": 2,
  "上機嫌の": 3,
  "元気な": 2,
  "大切にする": 2,
  "心に抱く": 2,
  "大事にする": 2,
  "大切にされた": 2,
  "かわいがる": 2,
  "シック": 2,
  "上品な": 2,
  "子供っぽい": -2,
  "幼稚な": -2,
  "大人げない": -2,
  "肌寒い": -1,
  "冷え": -1,
  "チョーク": -2,
  "窒息する": -2,
  "息苦しくなる": -2,
  "窒息した": -2,
  "うんざりする": -2,
  "むせる": -2,
  "明らかにする": 2,
  "明確にする": 2,
  "明快さ": 2,
  "明晰": 2,
  "透明さ": 2,
  "クラッシュ": -2,
  "激突": -2,
  "衝突する": -2,
  "高級な": 3,
  "品のある": 3,
  "清潔": 2,
  "清潔な": 2,
  "きれいな": 2,
  "クリーナー": 2,
  "清掃作業員": 2,
  "きれいにする人や物": 2,
  "クリア": 1,
  "透明": 1,
  "はっきりした": 2,
  "澄み切った": 1,
  "すっきりした": 1,
  "クリアになった": 1,
  "クリアした": 1,
  "明らかに": 1,
  "疑いもなく": 1,
  "賢い": 1,
  "利口な": 2,
  "器用な": 2,
  "曇った": -1,
  "曖昧な": -2,
  "手がかりのない": -2,
  "わからない": -2,
  "無知な": -2,
  "無能な": -2,
  "ちんぽ": -4,
  "ゲス": -5,
  "コックサッカー": -5,
  "ゲス野郎": -5,
  "最低最悪な人": -5,
  "生意気な": -2,
  "強制された": -1,
  "強いられた": -2,
  "崩壊": -2,
  "崩れる": -2,
  "潰れる": -1,
  "崩れた": -2,
  "潰れた": -2,
  "衰えた": -2,
  "崩れること": -2,
  "潰すこと": -2,
  "ぶつかる": -1,
  "衝突": -2,
  "衝突すること": -1,
  "対立": -2,
  "不一致": -2,
  "共謀すること": -3,
  "結託する": -3,
  "コンバット": -1,
  "戦闘": -1,
  "戦う": -1,
  "コメディ": 1,
  "お笑い": 1,
  "喜劇": 1,
  "快適さ": 2,
  "心地よさ": 2,
  "快適": 2,
  "推薦する": 2,
  "表彰された": 2,
  "コミット": 1,
  "約束する": 1,
  "コミットメント": 2,
  "約束": 1,
  "責任": 2,
  "義務": 2,
  "関係した": 1,
  "提携した": 1,
  "コミットした": 1,
  "コミットする": 1,
  "委託する": 1,
  "思いやりのある": 2,
  "同情的な": 2,
  "情け深い": 1,
  "やむを得ず": 1,
  "強要された": -1,
  "適格な": 2,
  "コンペティティブ": 2,
  "競合の": 2,
  "負けず嫌いな": 2,
  "競争の": 2,
  "自己満な": -2,
  "独りよがりな": -2,
  "文句": -2,
  "苦情": -2,
  "コンプレイン": -2,
  "不満": -2,
  "愚痴": -2,
  "愚痴をこぼす": -2,
  "文句を言う": -2,
  "不平を言う": -2,
  "包括的な": 2,
  "理解力のある": 2,
  "機嫌を取る": 2,
  "宥める": 2,
  "仲直りする": 2,
  "調停する": 2,
  "機嫌を取った": 2,
  "宥められた": 2,
  "和解した": 2,
  "有罪判決をする": -2,
  "激しい非難": -2,
  "糾弾": -2,
  "有罪宣告": -2,
  "宣告された": -2,
  "自信": 2,
  "信頼": 1,
  "確信": 2,
  "自信のある": 2,
  "自信に満ちた": 2,
  "確執": -2,
  "相容れない": -2,
  "葛藤": -2,
  "対立性": -2,
  "混乱させる": -2,
  "わかりにくくする": -2,
  "戸惑わせる": -2,
  "雑然とした": -2,
  "混乱した": -2,
  "意味が分からない": -2,
  "おめでとう": 2,
  "祝福する": 2,
  "祝いの言葉": 2,
  "祝辞": 2,
  "承諾": 2,
  "慰められる": 2,
  "気の休まる": 2,
  "コンスピラシー": -3,
  "陰謀": 1,
  "不自然な": -2,
  "伝染": -2,
  "感染": -2,
  "悪影響": -2,
  "感染する": -1,
  "伝染性の": -1,
  "軽蔑": -2,
  "侮辱": -2,
  "軽視": -2,
  "軽蔑した": -2,
  "蔑んだ": -2,
  "人を馬鹿にした": -2,
  "人を馬鹿にしたような": -2,
  "軽蔑したような": -2,
  "競う": -1,
  "競争する": -1,
  "争う": -1,
  "競争者": -1,
  "競争相手": -1,
  "競い合う": -1,
  "競うこと": -1,
  "争うこと": -2,
  "喧嘩好きな": -2,
  "異論の多い": -2,
  "議論を好む": -2,
  "競合可能な": -2,
  "競争可能な": -2,
  "物議を醸しだす": -2,
  "議論好きの": -2,
  "よく議論されるように": -2,
  "論議を呼ぶように": -2,
  "説得する": 1,
  "納得させる": 1,
  "説得させられた": 1,
  "納得させられた": 1,
  "愉快な": 3,
  "楽しい": 3,
  "宴会好きな": 2,
  "クール": 1,
  "かっこいい": 1,
  "かっこいい物": 3,
  "イケてる物": 3,
  "窮地に追い詰められた": -2,
  "隅のある": -2,
  "死体": -1,
  "死骸": -1,
  "お金のかかる": -2,
  "費用の高い": -2,
  "犠牲の大きい": -2,
  "勇気": 2,
  "度胸": 2,
  "勇気のある": 2,
  "度胸のある": 2,
  "礼儀正しい": 2,
  "丁重な": 2,
  "礼儀": 2,
  "優遇": 2,
  "親切": 2,
  "カバーアップ": -3,
  "隠蔽": -1,
  "臆病者": -2,
  "意気地なし": -2,
  "腰抜け": -2,
  "卑怯者": -2,
  "臆病な": -2,
  "卑怯な": -2,
  "勇気のない": -2,
  "痙攣": -1,
  "激しい痛み": -1,
  "こむら返り": -1,
  "くず": -3,
  "ごみ": -2,
  "くだらないこと": -3,
  "クソ": -3,
  "崩壊する": -2,
  "押しかける": -2,
  "もっとクレイジー": -2,
  "全然まともじゃない": -2,
  "最強に狂ってる": -2,
  "クレイジー": -2,
  "気の狂った": -3,
  "おかしい": 3,
  "変わり者": -2,
  "クリエイティブ": 2,
  "創造力のある": 2,
  "うなだれた": -2,
  "意気消沈した": -2,
  "ばつの悪い": -2,
  "泣いた": -2,
  "叫んだ": -2,
  "泣く": -2,
  "クライム": -3,
  "犯罪": -2,
  "犯行": -3,
  "クリミナル": -3,
  "犯人": -2,
  "犯罪者": -3,
  "クライシス": -3,
  "危機": -2,
  "転機": -3,
  "批評家": -2,
  "評論家": -2,
  "批判": -2,
  "批判する": -2,
  "批評する": -2,
  "あらさがしをする": -2,
  "批評された": -2,
  "むごい": -3,
  "残酷な": -3,
  "非情な": -3,
  "残酷さ": -3,
  "残虐な行為": -3,
  "むごたらしさ": -3,
  "押し込む": -1,
  "踏みつぶす": -1,
  "粉々にする": -1,
  "押しつぶされた": -1,
  "粉々にされた": -2,
  "叫ぶ": -2,
  "泣いている": -2,
  "号泣": -2,
  "カント": -5,
  "まんこ": -5,
  "嫌な女": -3,
  "好奇心の旺盛な": 1,
  "興味深い": 2,
  "気になる": 1,
  "呪う": -1,
  "口汚い言葉を使う": -1,
  "ちくしょう": -1,
  "カット": -1,
  "削除する": -1,
  "かわいい": 1,
  "切ること": -1,
  "削除すること": -1,
  "皮肉屋": -2,
  "冷笑屋": -2,
  "シニカル": -2,
  "皮肉な": -2,
  "ひねくれた": -2,
  "小ばかにした": -2,
  "皮肉な言葉": -2,
  "皮肉": -1,
  "冷笑": -2,
  "ダメージ": -3,
  "ダメージを与える": -3,
  "損傷する": -3,
  "こんちくしょう": -4,
  "しまった！": -1,
  "忌々しい": -4,
  "どんでもない": -4,
  "極めて": -4,
  "くそ！": -4,
  "ふざけるな！": -4,
  "デンジャー": -2,
  "危険": -2,
  "向こう見ずな人": 2,
  "命知らずの人": 2,
  "無謀な人": 2,
  "大胆不敵": 2,
  "破天荒な": 2,
  "大胆": 2,
  "暗黒の": -2,
  "ダーケスト": -2,
  "極度の": -3,
  "暗黒": -1,
  "暗闇": -1,
  "無知": -2,
  "不屈の": 2,
  "ひるまない": 2,
  "びくともしない": 2,
  "デッド": -3,
  "死んでいる": -3,
  "故障した": -3,
  "行き詰る": -2,
  "暗礁に乗り上げる": -2,
  "膠着状態": -2,
  "防音装置": -1,
  "耳をつんざくような": -1,
  "愛しい人": 2,
  "大切な": 2,
  "親愛な": 2,
  "非常に": 3,
  "愛情をこめて": 3,
  "心から": 2,
  "デス": -2,
  "死": -3,
  "死亡": -2,
  "物腰の丁寧な": 2,
  "屈託のない": 1,
  "借金": -2,
  "借り": -2,
  "負債": -2,
  "偽り": -3,
  "ペテン": -3,
  "虚偽の": -3,
  "うそつきの": -3,
  "欺瞞的な": -3,
  "嘘をつく": -3,
  "ごまかし": -3,
  "策略": -2,
  "手口": -3,
  "決着させる": 1,
  "決定的な": 1,
  "最終的な": 1,
  "断固とした": 2,
  "献身的な": 3,
  "専用の": 2,
  "特化した": 2,
  "敗れた": -2,
  "破られた": -2,
  "敗北した": -2,
  "ディフェンダー": 2,
  "防御者": 2,
  "擁護者": 2,
  "無防備な": -1,
  "防御手段のない": -2,
  "延びる": -1,
  "延期する": -1,
  "委ねる": -1,
  "延期すること": -1,
  "ぐずぐずすること": -1,
  "挑戦的な": -1,
  "開き直った": -1,
  "反抗的な": -3,
  "赤字": -2,
  "赤字額": -2,
  "損失": -2,
  "欠点": -2,
  "下がる": -2,
  "低下する": -2,
  "退化する": -2,
  "下がった": -2,
  "低下した": -2,
  "衰退した": -2,
  "人間性を奪う": -2,
  "非人間的な": -2,
  "人間味のない": -2,
  "人間性を奪った": -2,
  "落胆させる": -2,
  "落胆させられた": -2,
  "落胆させること": -2,
  "遅れ": -2,
  "遅らせる": -1,
  "延ばす": -1,
  "遅れた": -2,
  "延ばされた": -1,
  "喜び": 3,
  "喜ぶ": 4,
  "喜んでいる": 4,
  "喜ぶこと": 4,
  "デマンド": -1,
  "要求": -1,
  "需要": -1,
  "要求された": -1,
  "必要とされた": -1,
  "大変な": -1,
  "過酷な": -1,
  "多くを要求する": -1,
  "デモ": -1,
  "示威行為": -1,
  "威嚇行為": -1,
  "やる気をなくした": -2,
  "困惑した": -2,
  "拒否される": -2,
  "否定される": -2,
  "否定者": -2,
  "否定論者": -2,
  "拒む": -2,
  "糾弾する": -2,
  "拒否": -2,
  "否定": -2,
  "拒否すること": -1,
  "否定すること": -2,
  "鬱になる": -2,
  "落ち込む": -2,
  "精神的に落ちている": -2,
  "気が滅入るような": -2,
  "憂鬱な": -2,
  "鬱陶しい": -2,
  "重苦しい": -1,
  "脱線する": -2,
  "脱線させる": -2,
  "脱線した": -2,
  "嘲る": -2,
  "あざ笑う": -2,
  "ばかにする": -2,
  "ばかにして": -2,
  "嘲って": -2,
  "嘲り": -2,
  "愚弄": -2,
  "物笑いの種": -2,
  "望ましい": 2,
  "好ましい": 2,
  "魅力のある": 2,
  "欲望": 1,
  "欲求": 1,
  "望まれた": 2,
  "予期された": 2,
  "切望された": 2,
  "物欲しそうに": 2,
  "望んで": 2,
  "絶望する": -3,
  "諦める": -3,
  "絶望": -2,
  "絶望した": -3,
  "絶望的な": -2,
  "やけくその": -3,
  "死に物狂いの": -3,
  "必死に": -3,
  "死に物狂いに": -3,
  "やけくそになって": -3,
  "落胆した": -2,
  "元気のない": -2,
  "がっかりした": -2,
  "デストロイ": -3,
  "破壊する": -2,
  "ぶち壊す": -3,
  "ぶち壊された": -3,
  "破壊": -2,
  "殺人": -3,
  "絶滅": -3,
  "破壊的な": -2,
  "否定的な": -3,
  "分離した": -1,
  "孤立した": -1,
  "離れた": -1,
  "自由を奪う": -2,
  "拘束する": -2,
  "引き留める": -2,
  "拘束された": -2,
  "自由を奪われた": -2,
  "監禁": -2,
  "拘留": -2,
  "身柄拘束": -2,
  "確固たる": 2,
  "決定される": 2,
  "徹底的に破壊する": -2,
  "打撃を与える": -2,
  "精神的にひどく打ちのめされた": -2,
  "ショックで悲しい": -2,
  "打撃を受けた": -2,
  "衝撃的な": -3,
  "ダイアモンド": 1,
  "ひし形": 1,
  "ディック": -4,
  "カス野郎": -4,
  "能無し": -3,
  "ばか": -2,
  "あほ": -2,
  "ぼんくら": -4,
  "死ぬ": -3,
  "停止する": -3,
  "機能しなくなる": -3,
  "死んだ": -3,
  "亡くなった": -3,
  "難しい": -1,
  "困難な": -2,
  "内気な": -2,
  "遠慮がちな": -2,
  "自信のない": -1,
  "ジレンマ": -1,
  "板挟み": -1,
  "窮地": -1,
  "馬鹿者": -3,
  "愚か者": -3,
  "悲惨な": -3,
  "不吉な": 3,
  "縁起の悪い": 3,
  "土": -2,
  "誇り": -2,
  "不祥事": -3,
  "より汚い": -2,
  "より不潔な": -2,
  "史上最強に汚い": -2,
  "汚い": -2,
  "汚れている": -2,
  "無力にする": -1,
  "機能障害性の": -1,
  "無効にする": -1,
  "不利益な立場": -2,
  "デメリット": -2,
  "不利な立場に置く": -2,
  "恵まれない人々": -2,
  "不利な条件に置かれた": -2,
  "不自由な人": -2,
  "消える": -1,
  "存在しなくなる": -1,
  "消滅する": -1,
  "消えた": -1,
  "消滅した": -1,
  "いなくなった": -1,
  "失望させる": -2,
  "がっかりさせる": -2,
  "失望した": -2,
  "ガキ科りした": -2,
  "期待外れの": -2,
  "嘆かわしい": -2,
  "失望": -2,
  "落胆": -2,
  "失意": -2,
  "災害": -2,
  "災難": -2,
  "災いをもたらす": -3,
  "疑う": -1,
  "信じない": -1,
  "不信を抱く": -2,
  "捨てる": -1,
  "切り捨てる": -1,
  "廃棄": -1,
  "捨てられた": -2,
  "不要な": -1,
  "廃棄された": -1,
  "捨てること": -1,
  "陰鬱な": -1,
  "やるせない": -2,
  "侘しい": -2,
  "侘しさ": -2,
  "不満な": -2,
  "不機嫌な": -2,
  "面白くない": -2,
  "一致しない": -2,
  "不和": -2,
  "不協和音": -2,
  "一致しなかった": -1,
  "一致されなかった": -1,
  "弱気になる": -2,
  "くじける": -2,
  "張り合いがなくなる": -2,
  "勧められない": -2,
  "疑わしい": -2,
  "信用できない": -2,
  "軽蔑する": -2,
  "見下す": -2,
  "不名誉": -2,
  "面目を失う": -2,
  "顔に泥を塗る": -2,
  "侮辱された": -2,
  "汚名を負わされた": -2,
  "赤恥をかく": -2,
  "変装させる": -1,
  "隠す": -1,
  "変装": -1,
  "装う": -1,
  "返送する": -1,
  "偽装する": -1,
  "偽ること": -1,
  "気分が悪くなる": -3,
  "むかつく": -3,
  "むかついた": -3,
  "吐き気を催させる": -3,
  "愛想が尽きた": -3,
  "気分が悪い": -3,
  "最低な": -3,
  "不正直な": -2,
  "真実味を欠く": -2,
  "いい加減な": -2,
  "幻滅した": -2,
  "気が進まない": -2,
  "乗り気でない": -2,
  "支離滅裂な": -2,
  "まとまらない": -2,
  "ちぐはぐな": -2,
  "毛嫌いする": -2,
  "嫌悪": -3,
  "反感": -2,
  "散々な": -2,
  "見るに堪えない": -2,
  "憂鬱": -1,
  "狼狽": -2,
  "うろたえる": -2,
  "散らかった": -2,
  "整理されていない": -2,
  "でたらめな": 2,
  "混乱する": -2,
  "観念がない": -2,
  "方角が分からなくなる": -2,
  "軽んじる": -2,
  "見くびる": -2,
  "見くびった": -2,
  "過小評価した": -2,
  "名誉を傷つける": -2,
  "気分を悪くさせられた": -2,
  "議論": -2,
  "口論": -2,
  "論争する": -2,
  "対抗する": -2,
  "紛争中の": -2,
  "真偽を問われている": -2,
  "争点となっている": -2,
  "異議を唱えること": -2,
  "失格した": -2,
  "不適格とされた": -2,
  "不安にする": -2,
  "心配させる": -2,
  "不穏": -2,
  "動揺": 3,
  "無視する": -1,
  "度外視": -2,
  "無視される": -2,
  "無視された": -2,
  "無礼": -2,
  "尊敬を欠く": -2,
  "馬鹿にされた": -2,
  "見下された": -2,
  "混乱": -2,
  "分裂": -2,
  "乱れ": -2,
  "納得のいかない": -2,
  "曲げる": -2,
  "ゆがめる": -2,
  "変形させる": -2,
  "ゆがんだ": -2,
  "曲解された": -2,
  "ゆがめられた": -2,
  "気を散らす": -2,
  "心をかき乱す": -2,
  "ボーっとして": -2,
  "注意散漫で": -2,
  "気を取られて": -2,
  "注意をそらすもの": -2,
  "気を散らすこと": -2,
  "疲労困憊": -2,
  "損傷": -2,
  "疲れさせる": -2,
  "動揺して": -2,
  "困窮した": -2,
  "ひどく苦しんで": -2,
  "痛ましい": -2,
  "苦しめる": -2,
  "信用しない": -3,
  "不信感を抱く": -3,
  "疑惑": -3,
  "不信感": -2,
  "疑いの": -1,
  "阻害する": -1,
  "妨げる": -1,
  "情緒不安定気味に": -2,
  "不安で": -2,
  "不穏な": -2,
  "動揺させる": -2,
  "気がかりな": -2,
  "ディザリング": -2,
  "迷うこと": -2,
  "優柔不断": -2,
  "めまいがする": -1,
  "幻惑的な": -1,
  "ふらふらする": -1,
  "素早く身をかわすこと": -2,
  "逃れること": -2,
  "怪しい": -2,
  "危険な": -2,
  "不安定な": -1,
  "うまくいかない": -3,
  "動かない": -3,
  "悲しみに満ちた": -2,
  "悲しそうな": -2,
  "好きじゃない": -2,
  "運命": -2,
  "破滅": -2,
  "運命づける": -2,
  "運の尽きた": -2,
  "ダウト": -1,
  "疑念": -2,
  "疑った": -1,
  "疑われた": -1,
  "いかがわしい": -2,
  "不確かな": -2,
  "疑うこと": -1,
  "嫌な奴": -4,
  "大バカ者": -3,
  "いけすかない奴": -5,
  "ダウンキャストする": -2,
  "うつむいた": -2,
  "すっかり落ち込んだ": -2,
  "マイナス面": -2,
  "否定的な側面": -2,
  "引きずる": -1,
  "引きずられる": -1,
  "薬物の影響を受ける": -1,
  "消耗する": -2,
  "排水された": -2,
  "水抜きされた": -2,
  "非常に怖がる": -2,
  "恐怖": -3,
  "恐れ多い": -2,
  "非常に恐ろしい": -2,
  "恐怖を起こさせる": -2,
  "怖い": -2,
  "忌むべき": -3,
  "恐れること": -2,
  "恐れていたこと": -2,
  "ドリーム": 1,
  "夢": 1,
  "陰惨な": -2,
  "ものさびしい": -2,
  "垂れ下がった": -2,
  "疲れ果てた": -2,
  "ドロップ": -1,
  "落とす": -1,
  "落ちる": -1,
  "溺れる": -2,
  "溺れ死ぬ": -2,
  "溺死した": -2,
  "溺れ死んだ": -2,
  "ドランク": -2,
  "酔っぱらい": -2,
  "飲んだくれ": -2,
  "酔っぱらった": -2,
  "疑問視する": -2,
  "うさんくさい": -2,
  "心もとない": -2,
  "役立たずの": -2,
  "失敗作": -2,
  "不発弾": -2,
  "鈍い": -2,
  "くすむ": -2,
  "切れのない": -2,
  "頭の悪い": -3,
  "間抜けな": -2,
  "あほな": -3,
  "どあほ": -4,
  "脳タリン": -3,
  "大バカ": -3,
  "投げ捨てる": -1,
  "振られた": -2,
  "引っ掛ける": -2,
  "かつがれた": -2,
  "機能障害": -2,
  "逆機能": -2,
  "機能不全": -2,
  "張りきった": 2,
  "切望した": 2,
  "熱心": 2,
  "真面目": 2,
  "真剣な": 2,
  "本気の": 2,
  "和らぐ": 3,
  "緩める": 2,
  "楽にする": 2,
  "イージー": 1,
  "簡単": 1,
  "楽な": 1,
  "容易な": 1,
  "有頂天になった": 4,
  "恍惚とした": 4,
  "熱狂的な": 4,
  "不気味な": 3,
  "薄気味の悪い": -2,
  "効果的な": 2,
  "印象的な": 3,
  "効果的に": 2,
  "印象的に": 2,
  "有効に": 2,
  "効率的に": 2,
  "意気揚々と": 3,
  "大喜びする": 3,
  "得意になって": 3,
  "上機嫌": 3,
  "意気揚々": 3,
  "高揚感": 3,
  "エレガント": 2,
  "優雅な": 2,
  "洗練された": 2,
  "品のいい": 2,
  "優雅に": 2,
  "上品に": 2,
  "当惑させる": -2,
  "狼狽させる": -2,
  "どぎまぎして": -2,
  "恥ずかしい": -2,
  "きまりが悪い": -2,
  "きまり悪さ": -2,
  "恥": -2,
  "困惑": -2,
  "辛い思いをしている": -2,
  "憤慨させる": -2,
  "一層ひどくする": -2,
  "抱擁": 2,
  "抱き合う": 1,
  "エマージェンシー": -2,
  "緊急の": -1,
  "人の気持ちがわかる": 2,
  "共感できる": 2,
  "空虚": -1,
  "空虚感": -1,
  "虚無感": -1,
  "空": -1,
  "からっぽ": -1,
  "空になる": -1,
  "魅せられて": 2,
  "うっとりする": 2,
  "勇気づける": 2,
  "励ます": 1,
  "後押しする": 2,
  "奨励される": 2,
  "勇気づけられる": 2,
  "激励": 2,
  "励まし": 2,
  "推奨": 2,
  "促進": 1,
  "承認する": 2,
  "支援する": 2,
  "裏書する": 2,
  "推薦": 2,
  "エネミー": -2,
  "敵": -2,
  "エネルギッシュな": 2,
  "精力的な": 2,
  "エネルギーの": 2,
  "エンゲージ": 1,
  "従事する": 1,
  "婚約する": 1,
  "没頭した": 1,
  "エンジョイ": 2,
  "楽しむこと": 4,
  "啓発する": 2,
  "啓蒙する": 2,
  "教える": 2,
  "見識のある": 2,
  "啓蒙された": 2,
  "賢明な": 2,
  "啓発的な": 2,
  "アンニュイ": -2,
  "退屈": -2,
  "激怒させる": -3,
  "反発を強める": -2,
  "激怒した": -3,
  "カッとなった": -2,
  "激怒させること": -2,
  "うっとりさせる": 3,
  "虜にする": -2,
  "奴隷にする": -2,
  "奴隷にされた": -2,
  "虜になった": -2,
  "保証する": 1,
  "確保する": 2,
  "守る": 1,
  "保証すること": 1,
  "確実にすること": 1,
  "面白い": 2,
  "夢中にさせる": 3,
  "題する": 1,
  "資格がある": 1,
  "委託された": 2,
  "受託": 2,
  "妬み": -1,
  "うらやましそうな": -2,
  "妬んで": -2,
  "妬むこと": -1,
  "間違った": -2,
  "誤りのある": -2,
  "エラー": -2,
  "間違い": -2,
  "エスケープ": -1,
  "脱出": -1,
  "逃げる": -1,
  "自由になる": -1,
  "評価される": 2,
  "尊重される": 2,
  "倫理学の": 2,
  "道徳上の": 2,
  "道徳的な": 2,
  "陶酔感": 3,
  "強い高揚感": 3,
  "興奮状態の": 3,
  "有頂天の": 4,
  "立ち退き": -1,
  "明け渡し": -1,
  "悪魔のような": -3,
  "邪悪": -3,
  "有害な": -2,
  "誇張する": -2,
  "大げさに言う": -2,
  "誇張された": -2,
  "誇大な": -2,
  "肥大した": -2,
  "誇張すること": -2,
  "大げさに言うこと": -2,
  "憤慨して": -2,
  "苛立って": 2,
  "エクセレンス": 3,
  "優秀さ": 3,
  "卓越していること": 3,
  "エクセレント": 3,
  "優秀な": 3,
  "エキサイト": 3,
  "興奮させる": 1,
  "興奮して": 3,
  "興奮": 3,
  "エキサイティング": 3,
  "わくわくする": 3,
  "除外する": -1,
  "排斥する": -1,
  "除外された": -2,
  "拒まれた": -2,
  "除外": -1,
  "排除": -1,
  "専売兼": 2,
  "独占的な権利": 2,
  "排他的な": 2,
  "独占記事": 2,
  "言い訳": -1,
  "弁解": -1,
  "言い訳する": -1,
  "適用しない": -1,
  "疲労困憊した": -2,
  "疲れ切った": -1,
  "ウキウキする": 3,
  "陽気にする": 3,
  "陽気にすること": 3,
  "爽快な": 3,
  "免れさせる": 2,
  "免れた": 2,
  "解放された": 2,
  "拡張する": 1,
  "拡大する": 1,
  "除名する": -2,
  "退学させる": -2,
  "吐き出す": -2,
  "除名された": -2,
  "追放された": -2,
  "吐き出すこと": -2,
  "除名すること": -2,
  "追い払う": -2,
  "利用する": -2,
  "利用される": -2,
  "悪用される": -2,
  "利用すること": -2,
  "悪用すること": -2,
  "探検": 1,
  "調査": 1,
  "さらす": -1,
  "むきだす": -1,
  "露出する": -1,
  "さらされる": -1,
  "見せた": -1,
  "露出すること": -1,
  "エクステンド": 1,
  "広げる": 1,
  "あふれんばかりの": 4,
  "豊富な": 2,
  "大喜びの": 3,
  "信じられないほどの": 4,
  "流行りの": 1,
  "気まぐれな": 1,
  "ホモ": -3,
  "あくせく働く": -3,
  "ホモ野郎": -3,
  "フェイル": -2,
  "失敗する": -3,
  "不合格": -2,
  "失敗した": -2,
  "破たんした": -2,
  "失敗すること": -2,
  "失敗": -2,
  "不出来": -2,
  "意気地のない": -2,
  "フェア": 2,
  "公平": 2,
  "偏りのない": 2,
  "バザー": 2,
  "新年": 1,
  "信頼できる": 2,
  "信心深い": 3,
  "フェイク": -3,
  "偽物": -3,
  "偽造する": -3,
  "偽造すること": -3,
  "ごまかすこと": -3,
  "落ちた": -2,
  "落下した": -2,
  "落下する": -1,
  "偽造された": -3,
  "偽る": -3,
  "改ざんする": -3,
  "名声": 3,
  "有名なこと": 1,
  "ファン": 3,
  "扇風機": 3,
  "風を送る": 3,
  "ファンタスティック": 4,
  "非常に優れた": 4,
  "夢のような": 4,
  "面白おかしくする": -1,
  "茶番": -2,
  "魅惑する": 3,
  "心をとらえる": 3,
  "うっとりとした": 3,
  "魅力的な": 3,
  "ファシスト": -2,
  "独裁者": -2,
  "独裁的な": -2,
  "死亡者数": -3,
  "死亡者": -3,
  "不幸": -3,
  "致死": -3,
  "疲労する": -2,
  "疲労": -2,
  "疲れ切っている": -2,
  "好む": 2,
  "好意を示す": 2,
  "支持を表明する": 2,
  "好意を持たれている": 2,
  "好みの": 2,
  "特別優遇の": 2,
  "お気に入り": 2,
  "大好きな": 2,
  "心配して": -2,
  "ぞっとするような": -3,
  "恐れ": -2,
  "恐れを知らない": 2,
  "大胆不敵な": 2,
  "呆れる": -3,
  "飽き飽きする": -3,
  "弱い": -2,
  "薄弱な": -2,
  "かすかな": -2,
  "フィーリング": 1,
  "感情": 1,
  "気持ち": 1,
  "重罪": -3,
  "お祝いの": 2,
  "華やいだ": 2,
  "浮かれた": 2,
  "失態": -3,
  "落ち着きのない": -2,
  "ファイト": -1,
  "戦い": -1,
  "もめる": -1,
  "ファイン": 2,
  "上質の": 2,
  "結構な": 2,
  "良い": 3,
  "細かな": 2,
  "火が付く": -2,
  "クビにする": -2,
  "解雇される": -2,
  "解雇": -2,
  "フィット": 1,
  "適合する": 1,
  "フィットする": 1,
  "フィットネス": 1,
  "最重要な": 2,
  "ばたばた動く": -2,
  "大失敗": -2,
  "突然倒れる": -2,
  "どさっと落ちる": -2,
  "インフルエンザ": -2,
  "焦った": -2,
  "面食らった": -2,
  "集中した": 1,
  "集中的な": 2,
  "愛情のこもった": 2,
  "基礎": 2,
  "好み": 2,
  "フール": -2,
  "おどける": -2,
  "ばかみたいな": -2,
  "中身のない": -2,
  "愚かな": -2,
  "強制的な": -1,
  "こじつけの": -1,
  "フォースクロージャー": -2,
  "質流れ": -2,
  "差し押さえ": -2,
  "忘れる": -1,
  "思いださない": -1,
  "忘れっぽい": -2,
  "勘弁する": 1,
  "寛大な": 1,
  "寛容な": 2,
  "忘れられた": -1,
  "幸運な": 3,
  "取り乱した": -1,
  "半狂乱の": -1,
  "尋常ならぬ": -1,
  "詐欺行為": -4,
  "ペテン師": -2,
  "騙すこと": -4,
  "不正": -3,
  "不正な": -2,
  "詐欺的な": -4,
  "フリー": 1,
  "無料の": 1,
  "自由な": 1,
  "縛られていない": 1,
  "フリーダム": 2,
  "自由": 2,
  "熱狂": -3,
  "逆上": -3,
  "フレッシュ": 1,
  "新鮮な": 1,
  "新しい": 1,
  "フレンドリー": 2,
  "親しみやすい": 2,
  "敵意のない": 2,
  "強い恐怖": -2,
  "驚愕": -2,
  "怯えた": -3,
  "怖がって": -2,
  "すんげぇ　（fricking　の場合）": -2,
  "良くじゃれる": 2,
  "しかめっ面をした": -1,
  "眉をひそめた": -1,
  "イライラさせる": -2,
  "イライラする": -2,
  "不満を抱く": -2,
  "もどかしい": -2,
  "がっかりする": -2,
  "フラストレーション": -2,
  "欲求不満": -2,
  "なんてこった！　（ｗｔｆ　の場合）": 3,
  "ファック！": -4,
  "クソ！ちくしょう！": -4,
  "ぶっ壊れた": -4,
  "どうにもならない": -4,
  "めちゃくちゃな": -4,
  "馬鹿野郎": -5,
  "とんでもない": -3,
  "半端ない": -4,
  "大バカ野郎": -4,
  "実行する": 2,
  "果たす": 2,
  "満たす": 2,
  "実行された": 2,
  "満たされた": 2,
  "発煙する": -2,
  "発煙性の": -2,
  "戯れ": 4,
  "面白い事": 4,
  "葬式": -1,
  "葬儀": -1,
  "嫌な仕事": -1,
  "ファンキー": 2,
  "奇抜な": 2,
  "イカす": 2,
  "より面白い": 4,
  "もっと変な": 4,
  "ファニー": 4,
  "憤怒する": -3,
  "猛烈に怒って": -3,
  "無駄な": -2,
  "役に立たない": -2,
  "げぇっ": -2,
  "口止めする": -2,
  "悪ふざけ": -2,
  "吐き気がする": -2,
  "口止めされた": -2,
  "増える": 2,
  "増加": 1,
  "増えた": 2,
  "増加した": 1,
  "増えること　": 2,
  "優しく": 3,
  "慇懃に": 3,
  "甲斐甲斐しく": 3,
  "気高さ": 3,
  "勇敢さ": 3,
  "礼儀正しさ": 3,
  "惜しみない": 2,
  "たくさんの": 2,
  "愛想の良い": 3,
  "ゴースト": -1,
  "おばけ": -1,
  "幽霊": -1,
  "軽薄な": -2,
  "眩暈がする": -2,
  "ギフト": 2,
  "贈答品": 2,
  "嬉しくて": 3,
  "何よりだ": 3,
  "満足して": 3,
  "グラマラス": 3,
  "魅惑的な": 3,
  "華やかな": 3,
  "ほくそ笑むこと": 3,
  "ニンマリすること": 3,
  "憂鬱な気持ちになる": -1,
  "憂鬱にする": -1,
  "悲観的な": -2,
  "輝かしい": 4,
  "名誉ある": 2,
  "栄光": 2,
  "名誉": 2,
  "浮かない": -2,
  "むっつりした": -2,
  "ゴッド": 1,
  "神": 1,
  "ちきしょう！": -3,
  "くそっ！": -4,
  "忌々しい！": -3,
  "天の恵み": 4,
  "思わぬ幸運": 4,
  "グッド": 3,
  "良いこと": 3,
  "高潔": 3,
  "美点": 3,
  "グレース": 1,
  "優雅にする": 1,
  "優雅さ": 1,
  "気品": 1,
  "親切な": 3,
  "腰の低い": 3,
  "慈悲深い": 3,
  "雄大な": 3,
  "豪華な": 3,
  "承諾する": 1,
  "助成": 1,
  "許可される": 1,
  "授与": 1,
  "付与": 1,
  "許可": 1,
  "ありがたく思う": 2,
  "恩を感じる": 3,
  "満足させること": 2,
  "満足感": 2,
  "墓": -2,
  "死に場所": -2,
  "重大な": -2,
  "グレー": -1,
  "灰色の": -1,
  "どっちつかずの": -1,
  "グレート": 3,
  "偉大な": 3,
  "大きな": 3,
  "より大きな": 3,
  "最高の": 2,
  "最大の": 2,
  "貪欲": -3,
  "欲張り": -3,
  "よく部会": -2,
  "配りな": -2,
  "がめつい": -2,
  "グリーンウォッシュ": -3,
  "環境保護をしているふりをしながら利益を貪る": -3,
  "偽善的な環境への配慮": -3,
  "グリーンウォッシャー": -3,
  "偽善環境保全行動活動人": -3,
  "挨拶する": 1,
  "歓迎する": 2,
  "迎える": 2,
  "歓迎された": 1,
  "挨拶された": 1,
  "挨拶": 2,
  "歓迎": 2,
  "挨拶状": 2,
  "どっちともつかない": -1,
  "悲しみ": -1,
  "苛立ち": -2,
  "悲しんで": -2,
  "心を痛めて": -2,
  "気持ち悪い": -2,
  "ムカつく": -2,
  "成長": 2,
  "高まる": 1,
  "成長する": 1,
  "大きくなる": 1,
  "発展": 2,
  "ギャランティー": 1,
  "罪悪感": -3,
  "有罪の": -3,
  "後ろめたい": -3,
  "やましい": -3,
  "騙されやすいこと": -2,
  "銃": -1,
  "ピストル": -1,
  "銃を撃つ": -1,
  "おや": 2,
  "まあ": 2,
  "ほう": 2,
  "カンカンに怒った": -1,
  "ハッキングされた": -1,
  "はは": 3,
  "ははは": 3,
  "はははは": 3,
  "評価する": 2,
  "迎え入れる": 2,
  "もてはやされる": 2,
  "支持される": 2,
  "不運な": -2,
  "不運": -2,
  "幸せ": 3,
  "ハピネス": 3,
  "ハッピー": 3,
  "嬉しい": 3,
  "幸せな": 3,
  "ハード": -1,
  "硬い": -1,
  "きつい": -1,
  "より丈夫な": 2,
  "困難": -2,
  "苦労": -2,
  "労務": -2,
  "困窮": -2,
  "丈夫": 2,
  "忍耐力のある": 2,
  "たくましい": 2,
  "害する": -2,
  "危害を加える": -2,
  "痛手": -2,
  "傷つけられる": -2,
  "被害を受ける": -2,
  "損なわれる": -2,
  "害になる": -2,
  "害を及ぼす": -2,
  "傷つける": -2,
  "追い詰められた": -2,
  "どぎつい": -2,
  "厳しい": 3,
  "より厳しい": -2,
  "最も厳しい": -2,
  "ヘイト": -3,
  "憎む": -3,
  "憎悪": -3,
  "憎まれた": -3,
  "嫌う人": -3,
  "嫌うこと": -3,
  "憎しむこと": -3,
  "幽霊が出る": -1,
  "付きまとう": -1,
  "悩ませる": -2,
  "幽霊の良く出る": -2,
  "取りつかれた": -2,
  "ホーンテッド": -2,
  "記憶に長く残る": 1,
  "絶えず心に浮かぶ": 1,
  "ヘルシー": 2,
  "健康的な": 2,
  "健康な": 2,
  "胸が張り裂けるような": -3,
  "悲痛な": -3,
  "悲しみに打ちひしがれた": -3,
  "心からの": 2,
  "ヘブン": 2,
  "天国": 3,
  "素晴らしいもの": 2,
  "この世のものと思われないような": 4,
  "天の": 4,
  "塞ぎこんだ": -2,
  "心の重い": -2,
  "ヘル": -4,
  "地獄": -4,
  "畜生！": -4,
  "ヘルプ": 2,
  "助ける": 2,
  "助けになる": 2,
  "有益な": 2,
  "役に立つ": 2,
  "頼りになる": 2,
  "助力": 2,
  "援助": 2,
  "助け": 2,
  "無力な": -2,
  "頼りない": -2,
  "ヒーロー": 2,
  "英雄": 2,
  "英雄の": 3,
  "ヒーローみたいな": 3,
  "ためらって": -2,
  "消極的な": -2,
  "煮え切らない": -1,
  "優柔不断の": -1,
  "ためらう": -1,
  "戸惑う": -2,
  "隠した": -1,
  "隠すこと": -1,
  "ハイライト": 2,
  "見どころ": 2,
  "強調する": 2,
  "最高に面白い": 2,
  "とても愉快な": 2,
  "妨害": -2,
  "障害物": -2,
  "邪魔者": -2,
  "かつぐ": -2,
  "いたずら": -1,
  "ホームシック": -2,
  "正直な": 2,
  "誠実な": 2,
  "公正な": 2,
  "率直な": 2,
  "光栄": 2,
  "誇りに思う": 2,
  "光栄である": 2,
  "栄誉": 2,
  "フーリガン": -2,
  "ごろつき": -2,
  "不良少年": -2,
  "不良行為": -2,
  "暴力行為": -2,
  "ホープ": 2,
  "希望": 1,
  "望む": 1,
  "希望する": 2,
  "希望にあふれた": 2,
  "有望な": 2,
  "願わくば": 2,
  "うまくいけば": 2,
  "見込みのない": -2,
  "苦手な": -3,
  "能力がない": -2,
  "希望して": 2,
  "願って": 2,
  "目指して": 2,
  "身の毛もよだつ": -3,
  "むちゃくちゃな": -3,
  "震えあがる": -3,
  "敵対的": -2,
  "敵を持った": -2,
  "非友好的な": -2,
  "不利な": -2,
  "強引な販売員": -2,
  "押し売り": -2,
  "ハグ": 2,
  "抱きしめる": 2,
  "巨大な": 1,
  "大規模な": 1,
  "ユーモアのある": 2,
  "屈辱を受ける": -3,
  "屈辱": -3,
  "ユーモア": 2,
  "滑稽さ": 2,
  "滑稽な": 2,
  "おどけた": 2,
  "飢える": -2,
  "渇望する": -2,
  "空腹": -2,
  "フレー！": 5,
  "苦痛": -2,
  "傷つけること": -2,
  "痛むこと": -2,
  "偽善者ぶった": -2,
  "見せ掛けの": -1,
  "ヒステリー": -3,
  "興奮状態": -3,
  "ヒステリーの": -3,
  "狂乱の": -3,
  "漢書y的な": -3,
  "ヒステリックな": -3,
  "ヒステリック": -3,
  "ヒステリー発作": -3,
  "間抜け": -1,
  "ばかな": -1,
  "無学": -2,
  "病気": -2,
  "不法入国者": -3,
  "違法の": -3,
  "非合法の": -3,
  "疾患": -2,
  "不健康": -2,
  "頭の弱い": -2,
  "固定化": -1,
  "固定された": -1,
  "不死身": 2,
  "不滅の": 2,
  "永遠の": 2,
  "免疫の": 1,
  "免疫性の": 1,
  "影響を受けない": 1,
  "免疫者": 1,
  "せっかちな": -2,
  "イライラした": -3,
  "忍耐力に欠ける": -2,
  "不完全な": -2,
  "未完成の": -2,
  "重要性": 1,
  "大切さ": 2,
  "重要": 1,
  "大切": 2,
  "無理強いする": -1,
  "強要する": -2,
  "押し付けられた": -1,
  "人目を惹く": -1,
  "貫禄のある": -1,
  "インポ": -2,
  "不能の": -2,
  "好印象を与える": 3,
  "印象付ける": 3,
  "感心して": 3,
  "感銘を受けて": 3,
  "感動的な": 3,
  "刑務所に入る": -2,
  "監獄に入る": -2,
  "上達する": 2,
  "改善する": 2,
  "上達した": 2,
  "改善された": 2,
  "上達": 2,
  "改善": 2,
  "改善すること": 2,
  "上達すること": 2,
  "無能": -2,
  "無力": -2,
  "できないこと": -2,
  "怠惰": -2,
  "無為": -2,
  "何もしないこと": -2,
  "不十分な": -2,
  "不適切な": -2,
  "能力のない": -2,
  "できない": -2,
  "再起不能になる": -2,
  "無能になる": -2,
  "頭にくる": -3,
  "激怒する": -2,
  "無能力": -2,
  "無資格": -2,
  "不全": -2,
  "無能者": -2,
  "手腕のない": -2,
  "至らぬ": -2,
  "不適格な": -2,
  "浅はかな": -2,
  "軽はずみな": -2,
  "思いやりのない": -2,
  "不便な": -2,
  "不都合": -2,
  "都合の悪い": -2,
  "増加する": 1,
  "向上": 1,
  "進展した": 1,
  "優柔不断な": -2,
  "決断力のない": -2,
  "破壊できない": 2,
  "壊れにくい": 2,
  "無差別": -2,
  "些細な事": -2,
  "たいしたことのない": -2,
  "どうでもいい": -2,
  "憤慨した": -3,
  "立腹した": -2,
  "憤り": -2,
  "憤慨": -2,
  "吹き込む": -2,
  "洗脳する": -2,
  "吹き込まれた": -2,
  "洗脳された": -2,
  "吹き込むこと": -2,
  "無効な": -2,
  "効果のない": -2,
  "非効率的に": -2,
  "のぼせ上がった": 2,
  "夢中": 2,
  "心酔": 2,
  "熱を上げること": 2,
  "感染した": -2,
  "下の": -2,
  "劣る": -2,
  "赤く腫れた": -2,
  "炎症を起こした": -2,
  "影響力の大きい": 2,
  "有力な": 2,
  "影響力のある": 2,
  "違反": -2,
  "抵触": -2,
  "侵害": -2,
  "激高させる": -2,
  "カンカンに怒る": -2,
  "ひどく腹を立てる": -2,
  "ひどく腹立たしい": -2,
  "抑止する": -1,
  "負傷者": -2,
  "負傷した": -2,
  "損傷した": -2,
  "負傷": -2,
  "不当な": -2,
  "革新する": 1,
  "導入する": 1,
  "革新": 1,
  "イノベーション": 1,
  "革新的な": 2,
  "創造力に富む": 2,
  "取り調べ": -2,
  "異端審問": -2,
  "宗教裁判": -2,
  "詮索好きの": 2,
  "研究熱心な": 2,
  "好奇心が強い": 2,
  "イカレテル": -2,
  "正気ではない": -2,
  "精神障害の": -2,
  "狂気": -3,
  "精神異常": -2,
  "心神喪失": -2,
  "精神的に不安定な": -2,
  "心細い": -2,
  "無神経な": -2,
  "無神経": -2,
  "鈍感": -2,
  "無感覚": -2,
  "大したことない": -2,
  "取りに足りない": -2,
  "ちっぽけな": -2,
  "味気ない": -2,
  "まずい": -2,
  "インスピレーション": 2,
  "感化": 2,
  "刺激": 2,
  "感動を与える": 2,
  "インスピレーションの": 2,
  "心に響く": 2,
  "ひらめきを与える": 2,
  "刺激を与える": 2,
  "インスピレーションを受けた": 2,
  "触発された": 2,
  "奮起させる": 3,
  "感激させる": 3,
  "想像を掻き立てる": 3,
  "侮辱する": -2,
  "こけにする": -2,
  "悪口": -2,
  "罵りあい": -2,
  "虐げられた": -2,
  "侮辱的な": -2,
  "失礼な": -2,
  "無礼な": -2,
  "損傷を受けていない": 2,
  "完全な": 2,
  "インテグリティ": 2,
  "誠実": 2,
  "完全性": 2,
  "品位": 2,
  "インテリジェント": 2,
  "インテリ": 2,
  "知的": 2,
  "強烈な": -2,
  "興味": 1,
  "関心": 1,
  "利息": 1,
  "興味をもって": 2,
  "関心のある": 2,
  "変わっている": 2,
  "尋問を受ける": -2,
  "中断する": -2,
  "割り込む": -2,
  "中断させられた": -2,
  "遮断": -2,
  "断続": -2,
  "中断": -2,
  "怖がらせる": -3,
  "脅かす": -2,
  "脅迫を受けた": -2,
  "怖気づく": -2,
  "言いなりになる": -2,
  "威嚇するような": -2,
  "脅威的な": -2,
  "脅し": -2,
  "脅迫": -2,
  "威嚇": -2,
  "入り組んだ": -2,
  "複雑な": 2,
  "策謀する": 1,
  "無敵の": 2,
  "ゆるぎない": 2,
  "招待する": 1,
  "招く": 1,
  "誘う": 1,
  "誘惑的な": 1,
  "不死身の": 2,
  "難攻不落の": 2,
  "怒りにかられた": -3,
  "アイロニーの": -1,
  "アイロニー": -1,
  "不合理な": -1,
  "理不尽な": -1,
  "抵抗できない": 2,
  "たまらない": 2,
  "否応なしの": 2,
  "無責任な": 2,
  "不可逆の": -1,
  "取り消せない": -1,
  "撤回できない": -1,
  "イラつく": -3,
  "気に障る": -3,
  "むしゃくしゃする": -3,
  "癪に障る": -3,
  "隔絶した": -1,
  "かゆい": -2,
  "むずむずする": -2,
  "のろま": -4,
  "投獄された": -2,
  "拘留中の": -2,
  "のんきそうな": 2,
  "粋な": 2,
  "ジェラス": -2,
  "嫉妬して": -2,
  "危険にさらされること": -2,
  "ジーザス": 1,
  "キリスト　（-1の場合": 1,
  "くそ！ちくしょう！）": 1,
  "宝石": 1,
  "大切な人": 1,
  "ジュエル": 1,
  "ひょうきんな": 2,
  "ジョイン": 1,
  "接合する": 1,
  "つなぐ": 1,
  "ジョーク": 2,
  "冗談": 2,
  "おだてる": 2,
  "気持ちの良い": 2,
  "ジョイ": 3,
  "ジョイフル": 3,
  "うれしい": 3,
  "喜びにあふれて": 3,
  "嬉しそうに": 3,
  "喜びのない": -2,
  "面白味のない": -2,
  "歓喜に満ちた": 3,
  "とてもうれしそうな": 3,
  "カクカクする": -1,
  "神経質になる": -2,
  "ジャスティス": 2,
  "正義": 2,
  "当然の報い": 2,
  "正当に": 2,
  "理にかなった": 2,
  "最もな": 2,
  "鋭い": 1,
  "キル": -3,
  "殺す": -2,
  "酔って": -3,
  "殺された": -3,
  "殺害": -3,
  "死にそうな": -3,
  "骨の折れる": -3,
  "カインド": 2,
  "いたわりの": 2,
  "もっと親切な": 2,
  "もっと優しく": 2,
  "キス": 2,
  "口づけ": 2,
  "賛辞": 3,
  "欠けている": -2,
  "不足": -2,
  "欠乏": -2,
  "やる気のない": -2,
  "物憂げな": -2,
  "遅れる": -2,
  "遅延した": -2,
  "遅い": -2,
  "ダサい": -2,
  "時代遅れ": -2,
  "ランドマーク": 2,
  "画期的な": 2,
  "笑う": 1,
  "笑い声": 1,
  "笑われた": 1,
  "笑うこと": 1,
  "発足する": 1,
  "始まる": 1,
  "打ち上げられる": 1,
  "訴訟": -1,
  "だらだらする": -1,
  "怠惰な": -1,
  "怠けた": -2,
  "リーク": -1,
  "漏れる": -1,
  "漏洩された": -1,
  "漏らされた": -1,
  "去る": -1,
  "辞める": -1,
  "リーガル": 1,
  "合法の": 1,
  "法律上の": 1,
  "合法的に": 1,
  "大目に見る": 1,
  "昏睡状態の": -2,
  "不活発な": -2,
  "無気力な": -2,
  "倦怠感": -2,
  "昏睡": -2,
  "うそつき": -3,
  "中傷的な": -3,
  "名誉棄損の": -2,
  "命の恩人": 4,
  "ライフセーバー": 4,
  "救いの手": 4,
  "のんきな": 1,
  "ライク": 2,
  "好き": 2,
  "いいね！": 2,
  "好かれる": 2,
  "限界": -1,
  "制限": -2,
  "制限された": -2,
  "限られた": -1,
  "リミット": -1,
  "限度": -1,
  "起訴": -1,
  "訴訟の": -2,
  "訴訟好きな": -2,
  "元気いっぱいの": 2,
  "青黒い": -2,
  "青ざめた": -2,
  "怒り狂った": -2,
  "大爆笑": 4,
  "大笑いだ": 4,
  "クソ笑った": 4,
  "ひどく嫌う": -3,
  "嫌悪する": -3,
  "嫌いな": -3,
  "陳情を行う": -2,
  "ロビー": -2,
  "陳情運動": -2,
  "ロビーイング": -2,
  "（笑）": 3,
  "ロンリー": -2,
  "寂しい": -2,
  "ひとりの": -2,
  "恋い焦がれること": -1,
  "ぼんやりと": -1,
  "ヌッと": -1,
  "ぼんやりと現れた": -1,
  "ぬうっと": -1,
  "不気味に": -1,
  "ルーズ": -3,
  "だらしない": -3,
  "ゆるい": -3,
  "ルーザー": -3,
  "負け犬": -3,
  "勝ち目のない": -3,
  "ロス": -3,
  "失うこと": -3,
  "喪失感": -3,
  "ロスト": -3,
  "迷子": -3,
  "失われた": -3,
  "無くなった": -2,
  "愛すべき": 3,
  "憎めない": 3,
  "ラブ": 3,
  "愛": 3,
  "愛する": 3,
  "ラブリー": 3,
  "愛嬌のある": 3,
  "愛情深く": 2,
  "愛情深い": 2,
  "心のこもった": 2,
  "最低の": -1,
  "最安の": -1,
  "ロイヤル": 3,
  "忠実な": 3,
  "忠誠心のある": 3,
  "忠誠": 3,
  "絆": 3,
  "ラック": 3,
  "運": 3,
  "幸運にも": 3,
  "ラッキーなことに": 3,
  "ラッキー": 3,
  "悲しげな": -2,
  "沈痛な": -2,
  "精神錯乱者": -3,
  "奇人": -3,
  "隠れて": -1,
  "潜在する": -1,
  "潜んでいる": -1,
  "奥に秘めた": -1,
  "わずかな": -1,
  "マッド": -3,
  "狂うように": -3,
  "気を狂わせるような": -3,
  "でっち上げた": -1,
  "架空の": -1,
  "パニクって": -3,
  "狂ったように": -3,
  "義務的な": -1,
  "操られた": -1,
  "踊らされた": -1,
  "操る": -1,
  "改ざん": -1,
  "操縦": -1,
  "驚異": 3,
  "マーベラス": 3,
  "驚くべき": -1,
  "奇跡的な": 3,
  "マスターピース": 4,
  "名作": 4,
  "最高傑作": 4,
  "事柄": 1,
  "物質": 1,
  "熟す": 2,
  "大人っぽい": 2,
  "落ち着いた": 2,
  "意味のある": 1,
  "有意義な": 2,
  "意味深長な": 2,
  "無意味な": -2,
  "むなしい": -2,
  "メダル": 3,
  "メダルを取る": 3,
  "勲章を授ける": 3,
  "月並みな": -3,
  "平凡": -3,
  "凡才": -3,
  "迷走する": 1,
  "迷走的な": 1,
  "メランコリー": -2,
  "物悲しい": -2,
  "哀愁": -2,
  "脅す": -2,
  "脅迫する": -2,
  "厄介者": -3,
  "脅迫した": -2,
  "脅した": -2,
  "脅された": -2,
  "慈悲": 2,
  "j情け": 2,
  "容赦": 2,
  "ぐちゃぐちゃ": -2,
  "めちゃくちゃ": -2,
  "乱れた": -2,
  "めちゃくちゃだ": -2,
  "混乱してる": -2,
  "不快だ": -2,
  "秩序だった": 2,
  "整然とした": 2,
  "組織的な": 2,
  "くだらない": -2,
  "頭を使わない": -2,
  "ミラクル": 4,
  "奇跡": 4,
  "陽気": 3,
  "歓喜": 4,
  "笑い": 3,
  "にぎやかな": 3,
  "楽しそうに": 3,
  "不正を行う": -2,
  "無作法にふるまう": -2,
  "行儀が悪い": -2,
  "不品行な": -2,
  "無作法なことをした": -2,
  "手に負えない": -2,
  "悪いことをする": -2,
  "悪さ": -1,
  "いたずら者": -1,
  "ミゼラブル": -3,
  "惨めな": -3,
  "哀れな": -2,
  "懸念": -2,
  "語法": -2,
  "デマ": -2,
  "がせネタ": -2,
  "間違って": -2,
  "誤った": -2,
  "誤解させる": -3,
  "勘違いした": -2,
  "間違えて解釈した": -2,
  "解釈を誤った": -2,
  "紛らわしい": -3,
  "読み違える": -1,
  "誤解する": -2,
  "誤報すること": -2,
  "偽りの陳述": -2,
  "虚偽表示": -2,
  "ミス": -2,
  "外す": -2,
  "当たらない": -2,
  "逃した": -2,
  "行方不明者": -2,
  "ミステイク": -2,
  "誤り": -2,
  "間違える": -2,
  "誤解した": -2,
  "間違えて": -2,
  "取り違える": -2,
  "誤解": -2,
  "考え違い": -2,
  "意見の相違": -2,
  "誤解された": -2,
  "グチグチいう": -2,
  "嘆き悲しむ": -2,
  "うめいた": -2,
  "漏らした": -2,
  "不平": -2,
  "うめき声": -2,
  "馬鹿にする": -2,
  "物まねをしてから買う": -2,
  "模造品": -2,
  "まがい品": -2,
  "からかわれる": -2,
  "馬鹿にされる": -2,
  "嘲るような": -2,
  "商売にすること": -2,
  "独占する": -2,
  "独占される": -2,
  "独占すること": -2,
  "独占して": -2,
  "ムーディー": -1,
  "気分屋の": -1,
  "むっつりとした": -1,
  "気難しい": -1,
  "塞ぎ込む": -1,
  "塞ぎ込むこと": -1,
  "まぬけ": -3,
  "マザーファッカー": -5,
  "くそったれ！ゲス野郎！ふざけんな！": -5,
  "クソムカつく": -5,
  "やばすぎる": -5,
  "やる気にさせる": 1,
  "動機づけ": 1,
  "やる気のある": 2,
  "動機となる": 2,
  "動機を与える": 2,
  "行動促進": 2,
  "モチベーション": 1,
  "悼む": -2,
  "喪に服す": -2,
  "追悼する": -2,
  "喪に服した": -2,
  "悲しんだ": -2,
  "追悼した": -2,
  "沈んな": -2,
  "死を悼む": -2,
  "哀悼": -2,
  "喪服": -2,
  "服喪期間": -2,
  "悲嘆": -2,
  "殺人者": -2,
  "人殺し": -2,
  "殺害すること": -3,
  "殺意のある": -3,
  "残忍な": -3,
  "殺人的な": -3,
  "神話": -1,
  "伝説": -1,
  "超初心者": -2,
  "傲慢な超初心者": -2,
  "ナイーブ": -2,
  "うぶな人": -2,
  "考えが甘い": -2,
  "馬鹿正直な": -2,
  "素朴な": -2,
  "汚らわしい": -3,
  "意地悪な": -2,
  "不快な": -2,
  "ナチュラル": 1,
  "自然の": 1,
  "普通の": 1,
  "ありのままの": 1,
  "貧しい": -2,
  "愛情に飢えた": -2,
  "ネガ": -2,
  "ネガティブ": -2,
  "マイナス思考の": -2,
  "ネガティブな": -2,
  "後ろ向きな": -2,
  "消極性": -2,
  "ネグレクト": -2,
  "放置": -2,
  "放っておかれた": -2,
  "放置すること": -2,
  "神経": -1,
  "緊張": -1,
  "ナーバス": -2,
  "緊張する": -2,
  "神経質になって": -2,
  "びくびくして": -2,
  "ナイス": 3,
  "素敵な": 3,
  "素早い": 2,
  "巧みな": 2,
  "気の利いた": 2,
  "黒人": -5,
  "ニガー": -5,
  "ノー": -1,
  "いいえ": -1,
  "少しもない": -1,
  "楽しくない": -3,
  "貴族": 2,
  "高潔な": 2,
  "壮大な": 5,
  "崇高な": 2,
  "ノイジー": -1,
  "派手な": -1,
  "ナンセンス": -2,
  "おせっかいな": -2,
  "下世話な": -2,
  "作業しない": -3,
  "悪名高い": -2,
  "小説": 2,
  "今までにない": 2,
  "しびれる": -1,
  "無感覚な": -1,
  "しびれた": -1,
  "頭の鈍い": -1,
  "あほくさ": -3,
  "狂ってる": -3,
  "ばかだ": -3,
  "消し去る": -2,
  "意識を失う": -2,
  "消失した": -2,
  "意識を失った": -2,
  "不愉快な": -3,
  "わいせつな": -2,
  "節度を欠いた": -2,
  "腹立たしい": -2,
  "はまった": 2,
  "時代遅れの": -2,
  "使われなくなった": -2,
  "邪魔": -2,
  "頑固な": -2,
  "執拗な": -2,
  "分からず屋の": -2,
  "変な": -2,
  "居心地の悪い": -2,
  "不快にさせる": -2,
  "気分を害した": -2,
  "気を悪くした": -2,
  "違反者": -2,
  "不快なもの": -2,
  "人を怒らせる": -2,
  "オフライン": -1,
  "OK": 2,
  "一生に一度の": 3,
  "またとない": 3,
  "圧迫感のある": -2,
  "耐えがたい": -2,
  "楽観主義": 2,
  "楽観": 2,
  "楽観的な": 2,
  "気楽に": 2,
  "オプションのない": -2,
  "逃げ場のない": -2,
  "激しい抗議": -2,
  "やじり倒す": -2,
  "怒号": -2,
  "裏をかく": -2,
  "裏をかかれた": -2,
  "策略で勝つ": -2,
  "激怒": -3,
  "暴力": -3,
  "アウトリーチ": 2,
  "奉仕活動": 2,
  "ずば抜けた": 5,
  "卓越した": 2,
  "過負荷": -1,
  "過負荷をかける": -1,
  "見落とされた": -1,
  "見落とした": -1,
  "過剰に反応する": -2,
  "リアクションでかい": -2,
  "過剰に反応した": -2,
  "過剰反応": -2,
  "過大評価をする": -2,
  "売りすぎること": -2,
  "過剰予約": -2,
  "過度の単純化": -2,
  "簡素化しすぎ": -2,
  "単純化しすぎた": -2,
  "単純化しすぎる": -2,
  "簡素化しすぎる": -2,
  "言い過ぎ": -2,
  "誇張した言葉": -2,
  "超過重量の": -1,
  "太りすぎの": -1,
  "矛盾誤報": -1,
  "矛盾した表現": -1,
  "ペイン": -2,
  "痛そうな": -2,
  "苦しそうな": -2,
  "パニック": -3,
  "慌てる": -3,
  "パニックになる": -3,
  "うろたえた": -3,
  "パニック状態の": -3,
  "パラダイス": 3,
  "楽園": 3,
  "パラドックス": -1,
  "逆説": -1,
  "矛盾": -1,
  "見逃す": 2,
  "釈放する": 2,
  "釈放される": 2,
  "許すこと": 2,
  "勘弁": 2,
  "討議": -1,
  "交渉する": -1,
  "情熱的な": 2,
  "夢中の": 2,
  "受動的な": -1,
  "受け身の": -1,
  "いいなりの": -1,
  "受動的に": -1,
  "消極的に": -1,
  "見ていられない": -2,
  "不満だ": -2,
  "ペイ": -1,
  "払う": -1,
  "ピース": 2,
  "平和": 2,
  "静けさ": 2,
  "平和な": 2,
  "静かな": 2,
  "平和に": 2,
  "静かに": 2,
  "ペナルティー": -2,
  "罰金": -2,
  "違約金": -2,
  "罰": -2,
  "物思いに沈む": -1,
  "ふさぎ込んで": -1,
  "パーフェクト": 2,
  "完璧な": 2,
  "理想的な": 2,
  "申し分のない": 2,
  "完璧に": 3,
  "非の打ちどころがなく": 3,
  "危険にさらす": -2,
  "危機的状況": -2,
  "偽証罪": -3,
  "偽証": -3,
  "約束を破ること": -3,
  "加害者": -2,
  "当惑した": -2,
  "まごついた": -2,
  "迫害する": -2,
  "迫害を受ける": -2,
  "迫害すること": -2,
  "虐げること": -2,
  "うろたえて": -2,
  "煩わしい": -2,
  "悲観主義": -2,
  "悲観的な見方": -2,
  "石化した": -2,
  "茫然自失状態で": -2,
  "恐怖症の": -2,
  "病的に怖がる": -2,
  "目に浮かぶような": 2,
  "絵のように美しい": 2,
  "玉突き事故": -1,
  "玉突き衝突": -1,
  "あおる": -2,
  "自尊心を傷つける": -2,
  "自尊心を傷つけられる": -2,
  "おしっこ": -4,
  "ションベン": -4,
  "腹が立つ": -4,
  "苛立つ": -4,
  "うんざりして": -4,
  "怒って": -4,
  "酔っぱらって": -4,
  "すごく": -3,
  "哀れを誘う": -2,
  "哀れまれる": -1,
  "気の毒に思われる": -1,
  "かわいそがられる": -1,
  "哀れむ": -2,
  "気の毒に思う": -2,
  "同情する": -2,
  "よくはしゃぐ": 2,
  "ふざけた": 2,
  "冗談の": 2,
  "気持ちのいい": 3,
  "プリーズ": 1,
  "喜ばせる": 1,
  "気に入る": 1,
  "喜んで": 3,
  "気に入って": 3,
  "満足": 3,
  "気晴らしい": 3,
  "準備ができた": -2,
  "釣り合っている": -2,
  "ポイズン": -2,
  "毒": -2,
  "毒を盛る": -2,
  "有害なもの": -2,
  "毒入りの": -2,
  "毒をもった": -2,
  "毒に侵された": -2,
  "汚染する": -2,
  "汚染された": -2,
  "汚染者": -2,
  "公害をもたらす人": -2,
  "かわいそうな": -2,
  "不健康な": -2,
  "より貧しい": -2,
  "最貧": -2,
  "ポピュラー": 3,
  "人気がある": 3,
  "ポジティブ": 2,
  "前向きな": 2,
  "積極的に": 2,
  "プラスに": 2,
  "確実に": 1,
  "独占欲の強い": -2,
  "延期された": -1,
  "貧困": -1,
  "貧窮": -1,
  "欠如": -1,
  "パワフル": 2,
  "強力な": 2,
  "ひりょくな": -2,
  "褒められる": 3,
  "称賛される": 3,
  "称賛すること": 3,
  "褒めること": 3,
  "祈る": 1,
  "祈ること": 1,
  "祈っている": 1,
  "問題": -2,
  "プロブレム": -2,
  "準備された": 1,
  "用意ができた": 1,
  "プレッシャー": -1,
  "圧力をかけること": -1,
  "圧力": -1,
  "プレッシャーを受けた": -2,
  "加圧された": -2,
  "取り繕う": -1,
  "ふりをする": -1,
  "偽りの": -1,
  "上辺の": -1,
  "プリティ": 1,
  "防ぐ": -1,
  "阻止する": -2,
  "予防された": -1,
  "妨げられた": -1,
  "防止": -1,
  "防止すること": -1,
  "最低な男": -5,
  "刑務所": -2,
  "監獄": -2,
  "囚人": -2,
  "捕虜": -2,
  "拘束された人": -2,
  "特権を持つ": 2,
  "特別許可された": 2,
  "恵まれた": 2,
  "先を見越した": 2,
  "暴利を貪る": -2,
  "暴利を貪る人": -2,
  "プログレス": 2,
  "進展する": 2,
  "全身": 2,
  "目立つ": 2,
  "顕著な": 1,
  "プロミス": 1,
  "誓う": 1,
  "約束した": 1,
  "公約の": 1,
  "プロモート": 1,
  "促進させる": 1,
  "宣伝する": 1,
  "昇進させる": 1,
  "促進される": 1,
  "昇進する": 1,
  "促進すること": 1,
  "プロパガンダ": -2,
  "組織的宣伝": -2,
  "起訴する": -1,
  "請求する": -1,
  "起訴される": -2,
  "見込み": 1,
  "可能性": 1,
  "有望な人": 1,
  "成功している": 3,
  "裕福な": 2,
  "好調な": 3,
  "プロテクト": 1,
  "保護する": 1,
  "保護された": 1,
  "護られた": 1,
  "プロテスト": -2,
  "抗議する": -2,
  "抗議活動": -2,
  "抗議者": -2,
  "プロテストする": -2,
  "不承知の": -2,
  "抗議を表す": -2,
  "満足できる": 2,
  "誇らしげに": 2,
  "自信をもって": 2,
  "立派に": 2,
  "引き起こす": -1,
  "誘発される": -1,
  "引き起こされる": -1,
  "じれったい": -1,
  "腹の立つ": -1,
  "挑発的な": -1,
  "疑似科学": -3,
  "罰する": -2,
  "お仕置きする": -2,
  "懲らしめる": -2,
  "罰せられる": -2,
  "お仕置きを受ける": -2,
  "懲罰的な": -2,
  "刑罰の": -2,
  "押しつけがましい": -1,
  "戸惑った": -2,
  "困惑して": -2,
  "震えている": -2,
  "揺れている": -2,
  "疑問の余地がある": -2,
  "尋ねられる": -1,
  "疑問視される": -1,
  "取り調べを受ける": -1,
  "質問": -1,
  "尋問": -1,
  "疑わし気な": -1,
  "怪訝な": -1,
  "人種差別": -3,
  "人種差別主義": -3,
  "人種差別主義者": -3,
  "人種差別主義の": -3,
  "暴れる": -2,
  "激情": -2,
  "ひどく腹を立てて": -2,
  "雨降りの": -1,
  "雨模様の": -1,
  "ぶちまける": -3,
  "わめく": -3,
  "暴言を吐くこと": -3,
  "わめく人": -3,
  "どなる人": -3,
  "レイプ": -4,
  "性的暴行を加える": -4,
  "強姦犯": -4,
  "有頂天にさせる": 2,
  "狂喜": 2,
  "有頂天になる": 2,
  "狂喜する": 2,
  "狂喜した": 4,
  "軽率な": -2,
  "批准された": 2,
  "リーチ": 1,
  "伸びる": 1,
  "伸ばす": 1,
  "手が届く": 1,
  "達成された": 1,
  "到着する": 1,
  "到達すること": 1,
  "手を伸ばすこと": 1,
  "再確認する": 1,
  "安心させる": 1,
  "安心した": 1,
  "心強い": 2,
  "反逆": -3,
  "抵抗": -2,
  "反乱": -2,
  "景気後退": -2,
  "不景気": -2,
  "不況": -2,
  "無鉄砲な": -2,
  "無謀な": -2,
  "向こう見ずな": -2,
  "薦める": 2,
  "推奨される": 2,
  "お勧めの": 2,
  "引き換えられる": 2,
  "交換される": 2,
  "嫌がる": -2,
  "断られる": -2,
  "拒絶すること": -1,
  "後悔する": -2,
  "残念に思う": -1,
  "遺憾に感じる": -2,
  "後悔している": -2,
  "残念そうな": -2,
  "悲しんでいる": -2,
  "残念ながら": -2,
  "悔やまれる": -2,
  "遺憾に思う": -2,
  "後悔した": -2,
  "拒絶する": -1,
  "拒絶": -1,
  "不合格品": -1,
  "却下された": -1,
  "不合格の": -1,
  "楽しませる": 4,
  "祭典": 4,
  "リラックスした": 2,
  "くつろいだ": 2,
  "気取らない": 2,
  "無慈悲な": -1,
  "容赦ない": -1,
  "依存している": 2,
  "頼っている": 2,
  "信用している": 2,
  "緩和する": 1,
  "救い出す": 1,
  "ほっとした": 2,
  "安堵した": 2,
  "緩和された": 2,
  "取り除く": 2,
  "軽減する": 2,
  "おいしい": 3,
  "見事な": 4,
  "目覚ましい": 2,
  "異例の": 2,
  "悔恨": -2,
  "自責の念": -2,
  "良心の呵責": -2,
  "深い後悔": -2,
  "撃退する": -1,
  "嫌悪感を抱く": -2,
  "レスキュー": 2,
  "救助": 2,
  "救出する": 2,
  "救出される": 2,
  "助けられる": 2,
  "救助活動": 2,
  "憤慨している": -2,
  "怒りっぽい": -2,
  "恨みがましい": -2,
  "辞任する": -1,
  "辞職": -1,
  "諦めて": -1,
  "観念した": -1,
  "辞任": -1,
  "辞職すること": -1,
  "石野花袋": 2,
  "断固たる": 2,
  "毅然とした": 2,
  "解決する": 1,
  "決心する": 2,
  "決心した": 2,
  "解決した": 2,
  "解消された": 2,
  "解消する": 2,
  "分解すること": 2,
  "決心すること": 2,
  "解決すること": 1,
  "尊敬された": 2,
  "評判のいい": 2,
  "責任がある": 2,
  "反応する": 2,
  "反応が早い": 2,
  "のんびりした": 2,
  "そわそわする": -2,
  "休めない": -2,
  "修復する": 1,
  "回復させる": 1,
  "回復する": 1,
  "修復された": 1,
  "復元すること": 1,
  "復元力": 1,
  "復元する": 1,
  "制限する": -2,
  "規制する": -2,
  "制約のある": -2,
  "部外秘の": -2,
  "拘束性の": -2,
  "窮屈な": -2,
  "制限的な": -2,
  "制約": -2,
  "制約すること": -2,
  "保持された": -1,
  "維持された": -1,
  "知恵遅れ": -2,
  "知恵遅れの": -2,
  "大人気ない": -2,
  "撤退する": -1,
  "後退させる": -1,
  "引きこもり": -3,
  "避難所": -1,
  "リベンジ": -2,
  "復讐する": -2,
  "仕返しする": -2,
  "報復": -2,
  "仇討ち": -2,
  "執念深い": -2,
  "意地の悪い": -2,
  "復讐に燃えた": -2,
  "畏敬された": 2,
  "崇拝された": 2,
  "生き返らせる": 2,
  "よみがえらせる": 2,
  "復活させる": 2,
  "報いる": 2,
  "褒美": 2,
  "見返り": 2,
  "報酬": 2,
  "報酬を受ける": 2,
  "見返りがある": 2,
  "報われる": 2,
  "やりがいがある": 2,
  "割に合う": 2,
  "見返りとしての": 2,
  "リッチ": 2,
  "金持ち": 2,
  "贅沢な": 5,
  "話にならない": -3,
  "ふざける": -1,
  "からかう": -1,
  "仕掛ける": -1,
  "不正操作する": -1,
  "操作された": -1,
  "不正操作された": -1,
  "正しい方向": 3,
  "良い方向": 3,
  "厳格な": 3,
  "厳密な": 3,
  "綿密に": 3,
  "厳格に": 3,
  "徹底的に": 3,
  "暴動を起こす": -2,
  "騒動": -2,
  "リスク": -2,
  "危険を冒す": -2,
  "強盗を働く": -2,
  "盗む": -2,
  "取り上げる": -2,
  "強盗": -2,
  "泥棒": -2,
  "衣装をまとった": -2,
  "　　robbedの場合": -2,
  "奪われる": -2,
  "強奪される": -2,
  "衣装を着ること　　　robbingの場合": -2,
  "盗むこと": -2,
  "奪い取ること": -2,
  "頑強な": 2,
  "腹を抱えてひっくり返るほど大笑いしてるよ": 4,
  "抱腹絶倒！！": 4,
  "ロマンス": 2,
  "恋愛": 2,
  "ロマンチックな": 2,
  "恋愛をする": 2,
  "台無しにする": -2,
  "壊す": -2,
  "荒廃": -2,
  "損なわれた": -2,
  "台無しになった": -2,
  "廃墟と化した": -2,
  "台無しにすること": -2,
  "めちゃくちゃにする": -2,
  "サボタージュ": -2,
  "妨害工作": -2,
  "破壊工作を行う": -2,
  "悲しませる": -2,
  "悲しむ": -2,
  "悲しみに包まれて": -2,
  "悲しいことに": -2,
  "不幸にも": -2,
  "悲しそうに": -2,
  "セーフ": 1,
  "安全": 1,
  "安全な": 1,
  "安全に": 1,
  "金庫": 1,
  "無事に": 1,
  "安全性": 1,
  "無難なもの": 1,
  "安全装置": 1,
  "目立った": 1,
  "際立った": 1,
  "突出部": 1,
  "ひどく感傷的な": -1,
  "皮肉屋の": -2,
  "満足した": 2,
  "納得した": 2,
  "気が済んだ": 2,
  "セーブ": 2,
  "保存する": 2,
  "貯金する": 2,
  "省く": 2,
  "救う": 2,
  "貯める": 2,
  "悪徳商法": -2,
  "スキャンダル": -3,
  "醜聞": -3,
  "破廉恥": -3,
  "スキャンダラス": -3,
  "けしからぬ": -2,
  "スケープゴート": -2,
  "犠牲": -2,
  "身代わりにする": -2,
  "ゾッとする": -2,
  "懐疑的な": -1,
  "疑い深い": -1,
  "叱る": -2,
  "説教する": -2,
  "ガミガミ言う": -2,
  "スクープ": 3,
  "出し抜く": 3,
  "すくい集める": 3,
  "蔑む": -2,
  "軽蔑に満ちた": -2,
  "スクリーム": -2,
  "金切り声を出す": -2,
  "悲鳴": -2,
  "金切り声をあげた": -2,
  "鋭く叫ぶ": -2,
  "金切り声をあげる": -2,
  "大げさな": -2,
  "ヤバい": -2,
  "大失敗した": -3,
  "めちゃくちゃにした": -3,
  "卑劣な人": -4,
  "極悪人": -4,
  "気持ち悪い人": -4,
  "安全である": 2,
  "保証された": 2,
  "担保付きの": 2,
  "暴動": -2,
  "扇動": -2,
  "教唆": -2,
  "扇動的な": -2,
  "治安妨害の": -2,
  "誘惑される": -1,
  "自信過剰の": 2,
  "偏っている": -2,
  "歪んでいる self-delusion の場合": -2,
  "自己欺瞞": -2,
  "自分勝手な": -3,
  "わがままな": -3,
  "身勝手さ": -3,
  "判決を下す": -2,
  "宣告する": -2,
  "刑罰": -2,
  "判決が下される": -2,
  "刑を受ける": -2,
  "判決": -1,
  "刑の判決手続き": -2,
  "静かの": 2,
  "シビア": -2,
  "重度の": -2,
  "セクシー": 3,
  "性的に興奮させる": 3,
  "セクシーな": 3,
  "揺れる": -1,
  "ガタつく": -2,
  "恥辱": -2,
  "恥ずかしい思いをさせる": -2,
  "面目をつぶす": -2,
  "羞恥心": -2,
  "恥ずべき": -3,
  "下品な": -2,
  "シェア": 1,
  "共有する": 1,
  "共有": 1,
  "株": 1,
  "共有の": 1,
  "共通の": 1,
  "共用の": 1,
  "粉々になった": -2,
  "打ち砕かれた": -2,
  "ダメになった": -2,
  "くそだ": -4,
  "腐ってる": -4,
  "最低なやつ": -4,
  "最低の奴": -4,
  "くそみたいな": -3,
  "愚劣な": -3,
  "ショック": -2,
  "衝撃": -2,
  "ショックを与える": -2,
  "ショックを受けて": -2,
  "ぎょっとして": -2,
  "呆れかえって": -2,
  "衝撃を受けて": -2,
  "ショックング": -2,
  "ショックな": -2,
  "撃つ": -1,
  "近視の": -2,
  "近眼の": -2,
  "短絡的な": -2,
  "目先のことしか見えない": -2,
  "近視": -2,
  "先見の明のなさ": -2,
  "口やかましい女": -4,
  "シャイ": -1,
  "恥ずかしがりの": -1,
  "尻込みする": -1,
  "病気の": -2,
  "病んだ": -2,
  "異常な": -2,
  "趣味の悪い": -2,
  "はぁ": -2,
  "溜息をつく": -2,
  "溜息": -2,
  "意味": 1,
  "深刻さ": 1,
  "重要な": 1,
  "意義深い": 1,
  "著しい": 1,
  "消音": -1,
  "音を立てないこと": -1,
  "偽りのない": 2,
  "誠実に": 2,
  "真摯に": 2,
  "最も誠実な": 2,
  "心より": 2,
  "深く": 2,
  "真実": 2,
  "率直さ": 2,
  "誠意": 2,
  "罪深い": -3,
  "ひたむきな": -2,
  "確固とした": -2,
  "疑い深い人": -2,
  "疑うような": -2,
  "懐疑": -2,
  "叩きつける": -2,
  "大幅に削減する": -2,
  "サッと切る": -2,
  "大幅に削減される": -2,
  "カットされる": -2,
  "削減": -2,
  "猛烈な": -2,
  "威勢のいい": -2,
  "大幅削減": -2,
  "奴隷": -3,
  "重労働": -3,
  "奴隷制度": -3,
  "不眠": -2,
  "不眠症": -2,
  "滑らかな": 2,
  "整える": 2,
  "より滑らかな": 2,
  "最も滑らかな": 2,
  "とても流暢な": 2,
  "不景気な": -2,
  "のろのろした": -2,
  "反応が遅い": -2,
  "安売春婦": -5,
  "だらしない女": -5,
  "スマート": 1,
  "流行の": 2,
  "より賢い": 2,
  "一番優秀な": 2,
  "最も賢明な": 2,
  "中傷する": -2,
  "こすりつける": -2,
  "汚す": -2,
  "スマイル": 2,
  "笑顔": 2,
  "微笑む": 2,
  "笑った": 2,
  "微笑んだ": 2,
  "笑みを浮かべて": 2,
  "微笑んで": 2,
  "スモッグ": -2,
  "煙霧": -2,
  "コソコソする": -1,
  "卑劣な": -3,
  "鼻であしらう": -2,
  "期待を裏切る": -2,
  "はねつける": -2,
  "鼻であしらわれた": -2,
  "冷たくあしらわれた": -2,
  "冷たくあしらうこと": -2,
  "冷遇すること": -2,
  "ハッとするような": 1,
  "酔いもさめるような": 1,
  "冷静な": 1,
  "厳粛な": -1,
  "真面目くさった": -1,
  "儀式ばった": -1,
  "固体": 2,
  "固形の": 2,
  "団結": 2,
  "結束": 2,
  "連帯": 2,
  "解決方法": 1,
  "解決": 1,
  "解": 1,
  "解く": 1,
  "解決される": 1,
  "解かれる": 1,
  "薄暗い": -2,
  "地味な": -2,
  "堅苦しい": -2,
  "ある種の": 0,
  "何かの": 0,
  "こん畜生！くそ野郎！クソったれ！": -5,
  "静まる": 3,
  "教養のある": 2,
  "あか抜けた": 2,
  "痛い": -1,
  "痛む場所": -1,
  "悲哀": -2,
  "気の毒": -2,
  "悲嘆に暮れた": -2,
  "ソーリー": -1,
  "申し訳なく思う": -1,
  "sまなく思う": -1,
  "スパム": -2,
  "迷惑メール": -2,
  "スパマー": -3,
  "スパム発信者": -3,
  "スパミング": -2,
  "スパムを送ること": -2,
  "スパーク": 1,
  "火花が散る": 1,
  "活気": 3,
  "ひらめき": 1,
  "きらめく": 3,
  "ピカピカになる": 3,
  "キラキラ光る": 3,
  "華々しい": 3,
  "空論の": -2,
  "危険をはらんだ": -2,
  "魂": 1,
  "生命力": 3,
  "活気がある": 2,
  "気持ちのこもっていない": -2,
  "しおれた": -2,
  "熱意のない": -2,
  "悪意のある": -2,
  "優れた": 2,
  "華麗な": 3,
  "握りつぶされた": -1,
  "突き刺す": -2,
  "刺された": -2,
  "安定した": 2,
  "不変の": 2,
  "しっかりした": 2,
  "失速する": -2,
  "立ち往生させる": -2,
  "立ち往生している": -2,
  "行き詰った": -2,
  "膠着状態の": -2,
  "粋ふまった": -2,
  "失速した": -2,
  "スタミナ": 2,
  "体力": 2,
  "持久力": 2,
  "根気": 2,
  "押し寄せる": -2,
  "殺到する": -2,
  "暴走させる": -2,
  "突進": -2,
  "殺到": -2,
  "びっくりして": -2,
  "あっと驚いて": -2,
  "ギクリとして": -2,
  "飢えに苦しむ": -2,
  "餓死する": -2,
  "おなかがペコペコ": -2,
  "餓死した": -2,
  "飢えた": -2,
  "不足した": -2,
  "飢餓": -2,
  "餓死": -2,
  "腹ペコで": -2,
  "固定した": 2,
  "忠誠な": 2,
  "盗み": -2,
  "こっそり動く": -2,
  "ステレオタイプ": -2,
  "既成概念": -2,
  "型通りに扱う": -2,
  "型にはめる": -2,
  "型にはまった": -2,
  "固定観念にとらわれた": -2,
  "ありふれた": -2,
  "窒息するような": -1,
  "息が詰まる": -1,
  "窒息させる": -1,
  "刺激となる": 1,
  "刺激する": 2,
  "刺激を受けた": 1,
  "励まされた": 1,
  "興奮した": 5,
  "刺激的な": 2,
  "けちな": -2,
  "せこい": -2,
  "しみったれた": -2,
  "盗まれた": -2,
  "ストップ": -1,
  "止まる": -1,
  "停止": -1,
  "止められた": -1,
  "制止された": -1,
  "塞ぐこと": -1,
  "詰め物": -1,
  "丈夫な": 2,
  "ストレート": 1,
  "まっすぐな": 1,
  "正しい": 1,
  "奇妙な": -2,
  "変わった": -1,
  "未熟な": -1,
  "妙に": -1,
  "よそよそしく": -1,
  "不思議なことに": -1,
  "息の詰まるような": -2,
  "押し殺したような": -2,
  "力": 2,
  "強さ": 2,
  "長所": 2,
  "強度": 2,
  "強くなる": 2,
  "強化する": 2,
  "強化された": 2,
  "強化": 2,
  "ストレスを受ける": -2,
  "ストレスで疲れる": -2,
  "ストレス要因": -2,
  "ストレスの原因": -2,
  "打ちひしがれた": -2,
  "襲われた": -2,
  "破壊された": -2,
  "被災した": -2,
  "ストライキをする": -1,
  "襲う": -1,
  "ぶち当てる": -1,
  "ストライキ参加者": -2,
  "ストロング": 2,
  "より強い": 2,
  "最強の": 2,
  "もがく": -2,
  "奮闘する": -2,
  "悪戦苦闘する": -2,
  "意地っ張りな": -2,
  "扱いにくい": -2,
  "動きが取れない": -2,
  "あぜんとして": -2,
  "茫然として": -2,
  "気絶するほど": 4,
  "愚かにも": -2,
  "ばかみたいに": -2,
  "人当たりの良さ": 2,
  "口当たりのいい": 2,
  "丁寧な": 2,
  "実質的な": 1,
  "頑丈な": 1,
  "実質上": 1,
  "大幅に": 1,
  "破壊因子": -2,
  "転覆させる": -2,
  "サクセス": 2,
  "成功": 2,
  "出世": 2,
  "成功した": 3,
  "達成できた": 3,
  "上出来な": 3,
  "最悪": -3,
  "超ムカつく": -3,
  "不得意な": -3,
  "耐える": 2,
  "被る": -2,
  "自殺の": -2,
  "自殺行為的な": -2,
  "自暴自棄な": -2,
  "自殺する": -2,
  "自殺": -2,
  "訴えること": -2,
  "訴訟を起こすこと": -2,
  "拗ねること": -2,
  "むっつりとすること": -2,
  "拗ねた": -2,
  "怒って黙っている": -2,
  "ぶすっとした": -2,
  "サンシャイン": 2,
  "太陽の光": 2,
  "太陽": 2,
  "スーパー": 3,
  "特大の": 3,
  "優れた人": 2,
  "上司": 2,
  "超然としている": 2,
  "サポート": 2,
  "支持する": 2,
  "支える": 2,
  "支えられる": 2,
  "サポーター": 1,
  "支持者": 1,
  "後援者": 1,
  "脇役の": 1,
  "生き延びた": 2,
  "残った": 2,
  "残存している": 2,
  "生き残った": 2,
  "サバイバー": 2,
  "生存者": 2,
  "逆境に強い人": 2,
  "嫌疑を掛ける": -1,
  "容疑者": -1,
  "保留する": -1,
  "ぶらさがる": -1,
  "吊るす": -1,
  "ぶら下がった": -1,
  "保留中の": -1,
  "停止になった": -1,
  "疑っている": -2,
  "悪態をつく": -2,
  "毒づく": -2,
  "罵ること": -2,
  "罵りの言葉": -2,
  "スウィート": 2,
  "甘い": 2,
  "愛する人": 2,
  "すてきな": 2,
  "敏速な": 2,
  "即座に": 2,
  "素早く": 2,
  "早く": 2,
  "迅速に": 2,
  "早急に": 2,
  "勢いよく": 2,
  "詐欺を働く": -3,
  "欺瞞": -3,
  "賛同する": 2,
  "共鳴する": 2,
  "共感": 2,
  "同情": 2,
  "悔やみ": 2,
  "思いやり": 2,
  "涙": -2,
  "テンダー": 2,
  "優しく扱う": 2,
  "提出する": 2,
  "看護人": 2,
  "弁償金": 2,
  "張り詰めた": -2,
  "緊迫した": -2,
  "ピンと張っている": -1,
  "テンション": -1,
  "ひどく嫌な": -3,
  "無様な": -3,
  "とんでもなく": -3,
  "ものすごく": -3,
  "恐ろしく": -3,
  "すごくいい": 4,
  "恐怖に襲われた": -3,
  "テロ": -3,
  "テロ行為": -3,
  "怯えさせる": -3,
  "威嚇する": -3,
  "脅かされている": -2,
  "恐怖にさらされている": -3,
  "お礼を述べる": 2,
  "感謝している": 2,
  "おかげで": 2,
  "ありがとう": 2,
  "イバラの": -2,
  "とげの多い": -2,
  "苦しい": -2,
  "気が利く": 2,
  "配慮に欠ける": -2,
  "危険な兆候": -2,
  "恐れがある": -2,
  "絶滅の危機に直面して": -2,
  "危険が迫っている": -2,
  "脅迫的な": -2,
  "悪いことが起こりそうな": -2,
  "わくわくした": 5,
  "妨害する": -2,
  "挫折させる": -2,
  "阻止された": -2,
  "邪魔すること": -2,
  "妨害すること": -2,
  "気が小さい": -2,
  "おどおどした": -2,
  "おずおずした": -2,
  "疲れた": -2,
  "しんどい": -2,
  "飽きた": -2,
  "使い尽くした": -2,
  "おっぱい": -2,
  "乳": -2,
  "耐性がある": 2,
  "懐の深い": 2,
  "権限のない": -2,
  "威力のない": -2,
  "骨抜きの": -2,
  "トップ": 2,
  "最上部": 2,
  "トップの": 2,
  "最大でも": 2,
  "裂かれた": -2,
  "引き裂かれた": -2,
  "拷問にかける": -4,
  "ひどく苦しめる": -4,
  "拷問": -4,
  "生き地獄": -4,
  "ひどく苦しんでいる": -4,
  "悩める": -4,
  "虐待すること": -4,
  "拷問すること": -4,
  "全体主義者": -2,
  "全体主義の": -2,
  "全体主義": -2,
  "押し売りする": -2,
  "うるさく勧誘する人": -2,
  "ダフ屋": -2,
  "客引きする": -2,
  "うるさく勧誘する": -2,
  "客引きをすること": -2,
  "うるさく勧誘すること": -2,
  "悲劇": -2,
  "惨事": -2,
  "悲劇的事件": -2,
  "悲劇の": -2,
  "トラップ": -1,
  "罠": -1,
  "罠にかける": -1,
  "鎌をかける": -1,
  "閉じ込める": -1,
  "閉じ込められた": -2,
  "罠にかかった": -2,
  "トラウマ": -3,
  "心的外傷": -3,
  "痛手となる": -3,
  "トラウマの": -3,
  "パロディー": -2,
  "まがい物": -2,
  "反逆の": -3,
  "裏切りの": -3,
  "宝物": 2,
  "貴重品": 2,
  "震え": -2,
  "身震い": -2,
  "おののく": -2,
  "震えた": -2,
  "わななく": -2,
  "騙した": -2,
  "トリックをつかうこと": -2,
  "勝利する": 4,
  "征服する": 4,
  "勝利": 4,
  "偉業": 4,
  "勝利を収めた": 4,
  "意気揚々とした": 4,
  "トラブル": -2,
  "問題点": -2,
  "厄介ごと": -2,
  "問題を抱えた": -2,
  "不安げな": -2,
  "もめごと": -2,
  "いざこざ": -2,
  "本当の": 2,
  "純粋な": 2,
  "正直に": 2,
  "信用": 1,
  "信用する": 1,
  "信頼されている": 2,
  "信用がある": 2,
  "腫瘍": -2,
  "できもの": -2,
  "腫れ": -2,
  "本当に嫌な奴": -5,
  "醜い": -3,
  "見苦しい": -3,
  "醜くする": -3,
  "受け入れられない": -2,
  "気に入らない": -2,
  "正しく評価されていない": -2,
  "感謝されていない": -2,
  "承認されていない": -2,
  "未承認の": -2,
  "気付かない": -2,
  "意識しない": -2,
  "信じられない": -1,
  "非常な": -1,
  "不偏の": 2,
  "先入観のない": 2,
  "公平な": 2,
  "はっきりしない": -1,
  "クリアでない": -1,
  "気まずい": -2,
  "落ち着かない": -2,
  "関係ない": -2,
  "無頓着な": -2,
  "未確定の": -1,
  "未確認の": -1,
  "確信出来ない": -1,
  "納得いかない": -1,
  "記入されていない": -1,
  "認められていない": -1,
  "未決定の": -1,
  "低く見積もる": -1,
  "過小評価": -1,
  "少なく見積もって": -1,
  "過小評価して": -1,
  "過小評価すること": -1,
  "弱体化させる": -2,
  "蝕む": -2,
  "徐々に蝕まれる": -2,
  "覆される": -2,
  "弱体化すること": -2,
  "蝕むこと": -2,
  "値しない": -2,
  "不当に": -2,
  "好ましくない": -2,
  "望ましくない": -2,
  "楽でない": -2,
  "失業": -2,
  "失業手当": -2,
  "失業者数": -2,
  "不均衡な": -1,
  "不調和な": -1,
  "不公平な": -2,
  "不釣り合いな": -1,
  "最上の": 2,
  "無比の": 2,
  "無類の": 2,
  "非倫理的な": -2,
  "非道徳的な": -2,
  "アンフェア": -2,
  "不公正な": -2,
  "やり場のない": -2,
  "焦点のあっていない": -2,
  "果たされていない": -2,
  "満たされない": -2,
  "不幸な": -2,
  "統一された": 1,
  "一体化された": 1,
  "感動しない": -2,
  "感銘を受けない": -2,
  "理解力のない": -2,
  "連合した": 1,
  "一致した": 1,
  "団結した": 1,
  "不法な": -2,
  "かわいくない": -2,
  "愛嬌がない": -2,
  "愛されていない": -2,
  "比類ない　（-1の場合": 1,
  "釣り合わない": 1,
  "そぐわない）": 1,
  "やる気がない": -2,
  "専門外の": -2,
  "プロにふさわしくない": -2,
  "素人の": -2,
  "研究されていない": -2,
  "満たされていない": -2,
  "不満足な": -2,
  "無担保の": -2,
  "安全対策が施されていない": -2,
  "未決済の": -1,
  "未解決の": -1,
  "初心な": -2,
  "野暮な": -2,
  "洗練されていない": -2,
  "情緒不安定な": -2,
  "グラグラする": -2,
  "止められない": 2,
  "支持されていない": -2,
  "立証されていない": -2,
  "曇りのない": 2,
  "汚れのない": 2,
  "望まれていない": -2,
  "不必要な": -2,
  "価値のない": -2,
  "ふさわしくない": -2,
  "下劣な": -2,
  "取るに足らない": -2,
  "乱す": -2,
  "取り乱して": -2,
  "動揺させるような": -2,
  "緊張した": -2,
  "神経質な": -2,
  "ぴりぴりした": -2,
  "切迫した": -1,
  "役立つ": 2,
  "便利な": 2,
  "有用性": 2,
  "有効性": 2,
  "使い物にならない": -2,
  "無用": -2,
  "無駄": -1,
  "役に立たないこと": -2,
  "有効にする": 1,
  "確証する": 1,
  "確証された": 1,
  "検査": 1,
  "確認すること": 1,
  "評決": -1,
  "判断": -1,
  "決定": -1,
  "意見": -1,
  "既得の": 1,
  "定まった": 1,
  "苛立つこと": -2,
  "じらすこと": -2,
  "じらされること": -2,
  "イライラ": -2,
  "いらだたしい": -2,
  "悔しい": -2,
  "活気のある": 3,
  "響きわたる": 3,
  "明るく強烈な": 3,
  "凶暴な": -3,
  "質の悪い": -2,
  "被害者": -3,
  "餌食": -3,
  "犠牲にする": -3,
  "犠牲にされる": -3,
  "犠牲になる": -3,
  "犠牲にすること": -3,
  "油断のない": 3,
  "怠らない": 3,
  "不潔な": -2,
  "不道徳な": -3,
  "疑念を晴らす": 2,
  "無実を証明する": 2,
  "弁明する": 2,
  "潔白を証明された": 2,
  "嫌疑を晴らした": 2,
  "疑念を晴らすこと": 2,
  "無実を証明すること": 2,
  "弁明すること": 2,
  "違反する": -2,
  "犯す": -2,
  "冒とくする": -2,
  "侵害された": -2,
  "違反した": -2,
  "冒とくされた": -2,
  "違反すること": -2,
  "犯すこと": -2,
  "冒とくすること": -2,
  "乱暴": -3,
  "猛威": -3,
  "暴力的な": -3,
  "貞淑な": 2,
  "猛毒の": -2,
  "敵意に満ちた": -2,
  "ビジョン": 1,
  "見通し": 1,
  "視力": 1,
  "構想": 1,
  "明確なビジョンを持った人": 3,
  "洞察力のある": 3,
  "ビジョンを持つこと": 1,
  "見通しを立てること": 1,
  "バイタリティー": 3,
  "活力": 3,
  "ビタミン": 1,
  "痛烈な": -3,
  "生き生きとした": 3,
  "大声で叫ぶ": -1,
  "騒々しい": -1,
  "脆弱性": -2,
  "傷つきやすいこと": -2,
  "攻撃されやすい": -2,
  "傷つきやすい": -2,
  "退場": -3,
  "脱退": -3,
  "欠席": -2,
  "くそったれ！": -3,
  "馬鹿野郎！": -3,
  "欲しいと思う": 1,
  "戦争する": -2,
  "戦争行為": -2,
  "武力衝突": -2,
  "暖かくなる": 1,
  "暖める": 1,
  "暖かい": 1,
  "暖かさ": 2,
  "警告される": -2,
  "注意を受ける": -2,
  "警告": -3,
  "前兆": -3,
  "忠告": -3,
  "教訓": -3,
  "無駄になる": -1,
  "無駄にする": -1,
  "使われていない": -2,
  "浪費": -2,
  "消耗": -2,
  "弱さ": -2,
  "弱点": -2,
  "富": 3,
  "お金持ちの": 2,
  "疲れる": -2,
  "嘆く": -2,
  "涙を流す": -2,
  "涙ぐんだ": -2,
  "風変わりな": 1,
  "ウェルカム": 2,
  "ようこそ！": 2,
  "歓迎される": 2,
  "迎えられる": 2,
  "移り気な": 1,
  "幻想的な": 1,
  "上辺を飾る": -3,
  "取り繕い": -3,
  "邪悪な": -2,
  "未防磁任意なった": -1,
  "夫と死別した": -1,
  "意欲": 2,
  "やる気": 2,
  "ウィン": 4,
  "勝つ": 4,
  "勝ち組": 4,
  "勝利者": 4,
  "勝つこと": 4,
  "ウィンウィンの": 3,
  "双方に有利な": 3,
  "願う": 1,
  "望み": 1,
  "願望": 1,
  "願い事": 1,
  "引き落とし": -3,
  "みすぼらしい": -2,
  "悲観に暮れた": -2,
  "勝った": 3,
  "ワンダフル": 4,
  "すばらしい": 4,
  "求める": 3,
  "懇願する": 3,
  "　わーぃ！": 3,
  "やったー！やっほー！": 3,
  "わー": 4,
  "すごい！うわー！": 4,
  "擦り切れた": -1,
  "使い古しの": -1,
  "心配した": -3,
  "やきもきした": -3,
  "気をもむ": -3,
  "一層悪いこと": -3,
  "より悪い": -3,
  "悪化する": -3,
  "悪化させられた": -3,
  "悪化": -3,
  "崇める": 3,
  "ワースト": -3,
  "最悪の": -3,
  "価値": 2,
  "価値のある": 2,
  "無用の": -2,
  "値する": 2,
  "尊敬すべき": 2,
  "わー！すごーい！": 4,
  "わー！わー！やばいー！": 4,
  "きゃー！！！": 4,
  "憤った": -3,
  "壊れる": -2,
  "難破する": -2,
  "故障": -2,
  "間違っている": -2,
  "不正行為": -2,
  "誤解して": -2,
  "不当な扱いを受けた": -2,
  "なんてこった！": -4,
  "うん": 1,
  "へぇー": 1,
  "思慕する": 1,
  "そうでーす！はーい！": 2,
  "イエス": 1,
  "はい！": 1,
  "若者の": 2,
  "若々しい": 2,
  "きもい": -2,
  "おいしそうな": 3,
  "狂信者": -2,
  "熱狂者": -2
}