{
  "😂": 1,
  "❤": 3,
  "♥": 3,
  "😍": 3,
  "😭": -1,
  "😘": 3,
  "😊": 3,
  "👌": 2,
  "💕": 3,
  "👏": 2,
  "😁": 2,
  "☺": 3,
  "♡": 3,
  "👍": 2,
  "😩": -2,
  "🙏": 2,
  "✌": 2,
  "😏": 1,
  "😉": 2,
  "🙌": 2,
  "🙈": 2,
  "💪": 2,
  "😄": 2,
  "😒": -2,
  "💃": 3,
  "💖": 3,
  "😃": 2,
  "😔": -1,
  "🎉": 3,
  "😜": 2,
  "🌸": 3,
  "💜": 3,
  "💙": 3,
  "✨": 1,
  "💗": 3,
  "★": 1,
  "█": -1,
  "☀": 2,
  "😡": -1,
  "😎": 2,
  "💋": 3,
  "😋": 3,
  "🙊": 2,
  "😴": -1,
  "🎶": 2,
  "💞": 3,
  "😌": 2,
  "🔫": -1,
  "💛": 3,
  "💁": 1,
  "💚": 3,
  "♫": 1,
  "😞": -1,
  "😆": 2,
  "😝": 2,
  "😪": -1,
  "😫": -1,
  "👊": 1,
  "💀": -2,
  "😀": 2,
  "😚": 3,
  "😻": 3,
  "💘": 3,
  "☕": 1,
  "👋": 2,
  "🎊": 3,
  "🍕": 2,
  "❄": 2,
  "😕": -2,
  "💔": -1,
  "😤": -2,
  "😈": 1,
  "✈": 2,
  "🔝": 2,
  "😰": -1,
  "⚽": 3,
  "😑": -2,
  "👑": 3,
  "👉": 1,
  "🍃": 1,
  "🎁": 3,
  "😠": -2,
  "🐧": 2,
  "☆": 2,
  "🍀": 1,
  "🎈": 3,
  "🎅": 1,
  "😓": -1,
  "😣": -2,
  "😐": -2,
  "✊": 2,
  "😨": -1,
  "😖": -1,
  "💤": 1,
  "💓": 3,
  "👎": -1,
  "💦": 2,
  "✔": 1,
  "😷": -1,
  "🙋": 2,
  "🎄": 2,
  "💩": -1,
  "🎵": 2,
  "😛": 3,
  "👯": 2,
  "💎": 2,
  "🌿": 1,
  "🎂": 3,
  "🌟": 1,
  "🔮": 1,
  "👫": 1,
  "🏆": 3,
  "✖": 1,
  "☝": 1,
  "😙": 3,
  "⛄": 2,
  "👅": 2,
  "♪": 2,
  "🍂": 2,
  "💏": 1,
  "🌴": 2,
  "👈": 2,
  "🌹": 3,
  "🙆": 2,
  "👻": 1,
  "💰": 1,
  "🍻": 2,
  "🙅": -2,
  "🌞": 2,
  "🍁": 2,
  "⭐": 2,
  "▪": 1,
  "🎀": 3,
  "🐷": 1,
  "🙉": 1,
  "🌺": 2,
  "💅": 1,
  "🐶": 2,
  "🌚": 2,
  "👽": 1,
  "🎤": 2,
  "👭": 2,
  "🎧": 2,
  "👆": 1,
  "🍸": 2,
  "🍷": 2,
  "®": 1,
  "🍉": 3,
  "😇": 3,
  "🏃": 2,
  "😿": -2,
  "│": 1,
  "🍺": 2,
  "▶": 1,
  "😲": -1,
  "🎸": 2,
  "🍹": 3,
  "💫": 2,
  "📚": 1,
  "😶": -1,
  "🌷": 2,
  "💝": 3,
  "💨": 1,
  "🏈": 2,
  "💍": 2,
  "☔": 1,
  "👸": 3,
  "🇪": 3,
  "░": -1,
  "🍩": 1,
  "👾": 1,
  "☁": 1,
  "🌻": 2,
  "↿": 3,
  "🐯": 2,
  "👼": 1,
  "🍔": 1,
  "😸": 2,
  "👶": 2,
  "↾": 3,
  "💐": 3,
  "🌊": 2,
  "🍦": 2,
  "🍓": 3,
  "👇": 1,
  "💆": 1,
  "🍴": 2,
  "😧": -1,
  "🇸": 2,
  "😮": 1,
  "🚫": -3,
  "😽": 2,
  "🌈": 2,
  "🙀": 1,
  "⚠": -1,
  "🎮": 2,
  "╯": -1,
  "🍆": 2,
  "🍰": 2,
  "✓": 1,
  "👐": -1,
  "🍟": 1,
  "🍌": 2,
  "💑": 3,
  "👬": -1,
  "🐣": 2,
  "🎃": 3,
  "▬": 2,
  "￼": -3,
  "🐾": 3,
  "🎓": 2,
  "🏊": 2,
  "📷": 2,
  "👄": 2,
  "🌼": 4,
  "🚶": -1,
  "🐱": 2,
  "🐸": -1,
  "🇺": 2,
  "👿": -3,
  "🚬": 2,
  "✿": 1,
  "🐒": 2,
  "🌍": 3,
  "┊": 5,
  "🐥": 3,
  "🐼": 1,
  "🎥": 1,
  "💄": 2,
  "⛔": 2,
  "🏀": 1,
  "💉": 1,
  "💟": 3,
  "🚗": 1,
  "📝": 1,
  "♦": 2,
  "💭": 1,
  "🌙": 3,
  "🐟": 3,
  "👣": 1,
  "✂": -3,
  "🗿": 2,
  "👪": -1,
  "🍭": 1,
  "🌃": 2,
  "❌": 1,
  "🐰": 3,
  "💊": 2,
  "🚨": 3,
  "😦": -2,
  "🍪": 1,
  "🍣": -2,
  "✧": 1,
  "🎆": 3,
  "🎎": 4,
  "🇩": 3,
  "✅": 2,
  "📱": 1,
  "🙍": -2,
  "🍑": 1,
  "🎼": 1,
  "🔊": 2,
  "🌌": 2,
  "🍎": 1,
  "🐻": 2,
  "╰": -1,
  "💇": 1,
  "♬": 1,
  "🔴": 2,
  "🍱": -2,
  "🍊": 2,
  "🍒": 1,
  "🐭": 3,
  "👟": 2,
  "🌎": 1,
  "🍍": 2,
  "🐮": 3,
  "📲": 1,
  "☼": 1,
  "🌅": 1,
  "🇷": 3,
  "👠": 1,
  "🌽": 2,
  "💧": -1,
  "🍬": 1,
  "😺": 2,
  "🚀": 2,
  "¦": 3,
  "💢": 1,
  "🎬": 1,
  "🍧": 1,
  "🍜": 2,
  "🐏": 3,
  "🏄": 2,
  "➤": 1,
  "⬆": 1,
  "🍋": 1,
  "🆗": 2,
  "⚪": 2,
  "📺": 2,
  "🍅": 1,
  "⛅": 2,
  "🐢": 1,
  "👙": 2,
  "🏡": 2,
  "🌾": 2,
  "◉": 1,
  "✏": 1,
  "🐬": 2,
  "🇹": 3,
  "♣": 1,
  "🐝": 1,
  "🌝": 1,
  "🇮": 3,
  "🔋": -3,
  "🐍": 1,
  "♔": 2,
  "🔵": 1,
  "😾": -2,
  "🌕": 3,
  "🐨": 2,
  "🔐": 1,
  "💿": 3,
  "🌳": 2,
  "👰": 2,
  "❀": 2,
  "⚓": 3,
  "🚴": 3,
  "▀": -1,
  "👗": 1,
  "➕": 2,
  "💬": 2,
  "▒": -1,
  "🔜": 1,
  "🍨": 1,
  "💲": 1,
  "🍙": 1,
  "🍥": -4,
  "▸": 1,
  "♛": 1,
  "😼": 1,
  "🐙": 2,
  "👨": 2,
  "🍚": 2,
  "♨": 4,
  "🎹": 1,
  "♕": 2,
  "▃": 5,
  "🇬": 1,
  "🇧": 1,
  "☠": -1,
  "🐠": 2,
  "🚹": 3,
  "💵": 2,
  "✰": 4,
  "╠": 1,
  "👛": 2,
  "🌱": 3,
  "💻": 1,
  "🌏": 1,
  "▄": -1,
  "👓": 1,
  "◄": 1,
  "⚾": -1,
  "🌲": 2,
  "👴": 1,
  "🏠": 2,
  "🍇": 1,
  "🍘": 2,
  "🐇": 1,
  "🔞": -1,
  "👵": 2,
  "◀": 1,
  "🔙": 1,
  "🌵": 1,
  "🍮": -1,
  "🎇": 3,
  "🐎": 2,
  "➔": -1,
  "🐤": 2,
  "╩": 1,
  "🌑": 2,
  "🚲": 2,
  "🐑": -1,
  "🏁": 2,
  "🎾": 3,
  "╚": 1,
  "🈹": 1,
  "👮": -2,
  "☹": -3,
  "🐵": 2,
  "✪": 1,
  "◕": 2,
  "🗼": 3,
  "▐": -1,
  "♠": 1,
  "┳": -2,
  "👺": -2,
  "🐚": 1,
  "👂": -1,
  "🗽": 1,
  "🍵": 2,
  "🆒": 2,
  "🐺": 1,
  "⇨": 2,
  "🌓": 3,
  "🔒": 1,
  "╬": -1,
  "👳": 3,
  "🌂": 1,
  "🚌": 1,
  "♩": 3,
  "🍡": -1,
  "❥": 1,
  "🎡": 1,
  "💌": 2,
  "🐩": 2,
  "🌜": 2,
  "⌚": 1,
  "🚿": 3,
  "🔆": 3,
  "🌛": 3,
  "💂": -1,
  "🐔": 1,
  "🙎": -1,
  "🏩": 2,
  "🇫": 2,
  "🔨": -1,
  "📢": 2,
  "🐦": 2,
  "🐲": -1,
  "♻": 2,
  "🌘": 3,
  "🌔": 3,
  "👖": 2,
  "😗": 3,
  "🐄": 1,
  "◟": -1,
  "🍢": -1,
  "🎨": 1,
  "⬇": 2,
  "🚼": 3,
  "🇴": 2,
  "🌗": 3,
  "🌖": 3,
  "🔅": 5,
  "👜": 1,
  "🐌": 3,
  "💼": 3,
  "🐹": 1,
  "🌠": 3,
  "🐈": 1,
  "🌁": 1,
  "⚫": 1,
  "♧": 2,
  "🏰": 1,
  "🚵": 2,
  "🎢": 2,
  "🎷": 3,
  "🎐": 1,
  "┈": -4,
  "╗": 2,
  "🌇": 3,
  "⏰": 2,
  "🚂": 1,
  "◠": 2,
  "🎿": 2,
  "🆔": 4,
  "🌒": 3,
  "🐪": 3,
  "╔": 1,
  "╝": 2,
  "👔": 2,
  "🆓": 1,
  "🐋": 1,
  "▽": 2,
  "🐛": 1,
  "👕": 2,
  "💳": 2,
  "🏧": 5,
  "💡": 3,
  "⬅": 2,
  "🐫": 2,
  "🇱": 2,
  "📹": 2,
  "👞": 2,
  "👚": 3,
  "□": -2,
  "🚣": 3,
  "🏉": 3,
  "🗻": 3,
  "╦": 2,
  "⛺": 3,
  "🐕": 1,
  "🏂": 2,
  "👡": 2,
  "📻": 2,
  "✒": 1,
  "🌰": 3,
  "🏢": 1,
  "🎒": 3,
  "⌒": 3,
  "🏫": -2,
  "📴": 4,
  "🚢": 1,
  "🚚": -1,
  "🐉": 1,
  "❒": 1,
  "🔔": 5,
  "◢": 4,
  "🏥": 1,
  "🚖": -1,
  "▌": -2,
  "☛": 2,
  "💒": 3,
  "🚤": 2,
  "🐐": 2,
  "■": -2,
  "🔚": 2,
  "🎻": 2,
  "🔷": 1,
  "🎽": 2,
  "📅": 1,
  "🎺": 3,
  "🍈": -3,
  "✉": 1,
  "◤": 5,
  "○": 3,
  "🍼": 3,
  "🚛": -2,
  "📓": 1,
  "☉": 1,
  "💴": -2,
  "➰": -1,
  "🔌": -1,
  "📕": 1,
  "📣": 2,
  "🚓": 1,
  "🐗": 3,
  "⛳": 4,
  "┻": -3,
  "┛": 3,
  "┃": 2,
  "💺": 1,
  "🏇": -1,
  "☻": 1,
  "📞": 2,
  "Ⓐ": -1,
  "🌉": 3,
  "🚩": -2,
  "✎": 3,
  "📃": 2,
  "🏨": 1,
  "📌": -3,
  "♎": -1,
  "💷": 2,
  "🚄": 3,
  "▲": 3,
  "⛵": 3,
  "🔸": 1,
  "🚜": 5,
  "🐆": 2,
  "👒": 1,
  "❕": 1,
  "🔛": 2,
  "♢": 2,
  "🇲": 2,
  "❅": 4,
  "👝": 2,
  "✞": 2,
  "◡": 1,
  "🎋": 3,
  "👥": 1,
  "🐡": 1,
  "◆": 4,
  "🔭": 2,
  "🎪": 1,
  "🐜": 3,
  "♌": 4,
  "☐": -5,
  "👷": 1,
  "🔈": 1,
  "📄": 5,
  "🚐": 4,
  "🌋": 3,
  "📡": 1,
  "🚳": 5,
  "✘": 4,
  "🅰": 1,
  "🇼": 2,
  "┓": 3,
  "┣": 3,
  "Ⓛ": 2,
  "Ⓔ": 2,
  "👤": 4,
  "🚁": 1,
  "🎠": 3,
  "🐁": -2,
  "📗": 1,
  "┐": -1,
  "♂": 1,
  "📯": -1,
  "🔩": 1,
  "👢": 4,
  "◂": 2,
  "📰": 1,
  "📶": 2,
  "🌄": 1,
  "🗾": 2,
  "🔶": 2,
  "🏤": 2,
  "🎩": 2,
  "Ⓜ": 1,
  "🔧": -4,
  "🐅": 1,
  "♮": 1,
  "🅾": -1,
  "📦": 1,
  "🚊": 1,
  "🔲": 3,
  "△": 1,
  "📆": 5,
  "❛": 2,
  "📉": 2,
  "▵": 2,
  "🔎": 3,
  "☜": 1,
  "🇯": 2,
  "🇵": 2,
  "📘": 1,
  "ⓔ": 3,
  "🔑": 1,
  "⭕": 2,
  "🔘": 1,
  "🚭": 5,
  "🚉": 3,
  "🚪": 3,
  "➳": 2,
  "🚃": 3,
  "┯": -3,
  "🆙": 2,
  "🆖": 1,
  "┗": 5,
  "Ⓞ": 2,
  "❇": 3,
  "✴": 3,
  "☊": 5,
  "🔕": -2,
  "⬛": -2,
  "🚞": 3,
  "🍶": 3,
  "🌐": 3,
  "♀": 1,
  "🚅": 3,
  "🚒": -2,
  "♋": 1,
  "♍": 3,
  "🕝": -2,
  "ⓐ": 5,
  "📙": 1,
  "Ⓢ": 1,
  "📋": 3,
  "🎱": 1,
  "🐞": 1,
  "🔺": 1,
  "ⓡ": 5,
  "♤": 3,
  "🎯": 3,
  "🔉": 3,
  "↩": 5,
  "🚾": 1,
  "🎣": -4,
  "🔣": 1,
  "❎": -5,
  "➥": 1,
  "🎌": 5,
  "◣": 1,
  "⏬": 5,
  "♭": 1,
  "ⓞ": 5,
  "🔳": 2,
  "🏭": 2,
  "🎳": -3,
  "☚": 5,
  "➽": 2,
  "➫": 2,
  "➖": -5,
  "꒰": 2,
  "꒱": 2,
  "◝": -3,
  "📑": 5,
  "ⓧ": 5,
  "🔟": 5,
  "〓": 5,
  "ⓜ": 2,
  "➠": 5,
  "🚆": 2,
  "℅": -5,
  "☃": 2,
  "🚽": 5,
  "ⓝ": 5,
  "⇦": 5,
  "👲": 2,
  "🚡": -3,
  "🔬": 5,
  "➗": -3,
  "📈": 2,
  "⏪": 2,
  "◎": 5,
  "꒦": -5,
  "📎": 5,
  "⑅": 5,
  "✭": 5,
  "♓": 2,
  "┏": 5,
  "☇": 5,
  "࿎": -5,
  "👘": 5,
  "↙": 5,
  "Ⓕ": 2,
  "Ⓦ": 2,
  "Ⓟ": 2,
  "🕑": 2,
  "🕛": 5,
  "♈": -5,
  "↬": 5,
  "✍": 5,
  "🏦": 5,
  "🔻": 5,
  "ⓟ": 5,
  "ⓕ": 5,
  "ⓘ": 5,
  "♿": 5,
  "⇗": 5,
  "⇘": 5,
  "ⓨ": 5,
  "ⓙ": 5,
  "▫": 5,
  "🔇": 5,
  "⌃": -5,
  "🔖": 5,
  "📜": 5,
  "🚝": 5,
  "┘": -5,
  "✝": -5,
  "⍣": -5,
  "📮": -5,
  "🕕": -5,
  "🔯": 5,
  "➸": 5,
  "꒵": 5,
  "🕥": -5,
  "✽": 5,
  "📼": 5,
  "🕐": -5,
  "🀄": 5,
  "✬": 5,
  "✫": 5,
  "🕔": -5,
  "❣": 5,
  "📫": 5,
  "🉐": 5,
  "🈂": -5,
  "🎰": -5,
  "҂": -5,
  "╤": -5,
  "📔": 5,
  "pabayaan": -1,
  "pinabayaan": -2,
  "dinukot": -2,
  "umagaw": -2,
  "pag-dukot": -2,
  "pag-agaw": -2,
  "mga pag-dukot": -2,
  "mga pag-agaw": -2,
  "kasuklaman": -3,
  "kinasuklaman": -3,
  "kasuklam-suklam": -3,
  "mga kasanayan": 2,
  "kasanayan": 2,
  "sakay": 1,
  "lulan": 1,
  "manliliban": -1,
  "mga manliliban": -1,
  "pawalang-sala": 2,
  "pinawalang-sala": 2,
  "pinapawalang-sala": 2,
  "sinipsip": 1,
  "humithit": 1,
  "kalapastangan": -2,
  "nilapastangan": -2,
  "mapang-abuso": -3,
  "tanggapin": -1,
  "tinanggap": -1,
  "tinatanggap": 2,
  "sakuna": -2,
  "hindi sinasadya": -2,
  "nang hindi sinasadya": -2,
  "mga sakuna": -2,
  "tapusin": 2,
  "tuparin": 2,
  "tinapos": 2,
  "tinupad": 2,
  "paratang": -2,
  "mga paratang": -2,
  "paratangan": -2,
  "akusahan": -2,
  "akusado": -2,
  "pinaparatangan": -2,
  "inaakusahan": -2,
  "sakit": -2,
  "matatamo": 1,
  "sumasakit": -2,
  "suplado": -3,
  "masigasig": 1,
  "sapat": 1,
  "humanga": 2,
  "hinangaan": 3,
  "humahanga": 2,
  "pagsabihan": -2,
  "pinagsabihan": -2,
  "kumupkop": 1,
  "kaibig-ibig": 3,
  "sambahin": 3,
  "sinasamba": 3,
  "pag-unlad": 2,
  "kapakinabangan": 2,
  "mga kapakinabangan": 2,
  "pakikipagsapalaran": 2,
  "mga pakikipagsapalaran": 2,
  "malakas ang loob": 2,
  "apektado": -1,
  "giliw": 2,
  "magiliw": 3,
  "sinaktan": -1,
  "humamak nang lantaran": -1,
  "takot": -2,
  "natatakot": -2,
  "magpalubha": -2,
  "pinalubha": -2,
  "pinapalubha": -2,
  "pagsalakay": -1,
  "mga pagsalakay": -2,
  "mapusok": -2,
  "nangilabot": -2,
  "sabik na sabik": 2,
  "maghirap sa sakit": -3,
  "naghirap sa sakit": -3,
  "naghihirap sa sakit": -3,
  "sang-ayon": 2,
  "nakalulugod": 2,
  "sumang-ayon": 2,
  "kasunduan": 1,
  "pangamba": -2,
  "nababahala": -2,
  "taong matakutin": -2,
  "mga taong matakutin": -2,
  "naku": -1,
  "alisto": -1,
  "paghihiwalay": -2,
  "buhay": 1,
  "hindi hiyang": -2,
  "ipahintulot": 1,
  "nag-iisa": -2,
  "kahanga-hanga": 3,
  "mapaghangad": 2,
  "pinagtigalawa": -1,
  "libangin": 3,
  "nilibang": 3,
  "libangan": 3,
  "mga libangan": 3,
  "galit": -3,
  "mga galit": -3,
  "dalamhati": -2,
  "dumalamhati": -3,
  "pagkapoot": -2,
  "mayamot": -5,
  "pagkayamot": -2,
  "nayayamot": -3,
  "nakakayamot": -2,
  "magkalaban": -2,
  "salungat": -2,
  "pag-asa": 2,
  "pagkabahala": -2,
  "walang malasakit": -2,
  "kawalang-pagpapahalaga": -3,
  "apeshit": -3,
  "katakataka": -2,
  "humingi ng tawad": -1,
  "humihingi ng tawad": -1,
  "paghingi ng tawad": -1,
  "mangilabot": -2,
  "kakila-kilabot": 4,
  "magpalubag": 2,
  "nagpalubag": 2,
  "magpapalubag": 2,
  "purihin": 2,
  "pinuri": 3,
  "pinupuri": 3,
  "papuri": 3,
  "pahalagahan": 2,
  "pinahalagahan": 2,
  "pinapahalagahan": 2,
  "pagpapahalaga": 2,
  "nag-aalaala": -2,
  "pagsang-ayon": 2,
  "sinang-ayunan": 2,
  "sang-ayunan": 2,
  "paghuli": -2,
  "hinuli": -3,
  "mga paghuli": -2,
  "mayabang": 2,
  "kahihiyan": -2,
  "napahiya": -2,
  "puwit": -4,
  "pagpatay nang pataksil": -3,
  "mga pagpatay nang pataksil": -3,
  "bagay na may halaga": 2,
  "mga bagay na may halaga": 2,
  "assfucking": -4,
  "asshole": -4,
  "namangha": 3,
  "mamangha": 3,
  "nakakamangha": 3,
  "lubhang nakakamangha": 3,
  "sumalakay": -1,
  "sinasalakay": -1,
  "akitin": 1,
  "inakit": 1,
  "ina-akit": 2,
  "pang-akit": 2,
  "mga pang-akit": 2,
  "marahas": -3,
  "kapangyarihan": 1,
  "umiwas": -1,
  "umiiwas": -1,
  "masugid": 0,
  "iwasan": -1,
  "iniwasan": -1,
  "maghintay": -1,
  "kasabik-sabik": -1,
  "gantimpala": 2,
  "iginawad": 1,
  "kamangha-mangha": 4,
  "hindi akma": -2,
  "palakol": -1,
  "magpalakol": -1,
  "may tulong": 1,
  "tulong": 2,
  "mga tulong": 2,
  "masama": -3,
  "badass": -3,
  "lubha": -3,
  "magpyansa": -2,
  "mandaya": -2,
  "dinaya": -2,
  "pagbabawal": -2,
  "magtaboy": -1,
  "lubog": -3,
  "bankster": -3,
  "ipinag-bawal": -2,
  "manawaran": 2,
  "sagabal": -2,
  "anak sa labas": -5,
  "mga anak sa labas": -5,
  "digmaan": -1,
  "mga digmaan": -1,
  "pinalo": -1,
  "napakaligaya": 3,
  "pamamalo": -1,
  "mga kagandahan": 3,
  "maganda": 3,
  "kagandahan": 3,
  "pagandahin": 3,
  "maliitin": -1,
  "minaliit": -2,
  "minamahal": 3,
  "pakinabang": 2,
  "mga pakinabang": 2,
  "nakinabang": 2,
  "mapakinabang": 2,
  "malungkot": -2,
  "nalungkot": -2,
  "nalulungkot": -2,
  "pinakamahusay": 3,
  "magtaksil": -3,
  "pagtataksil": -3,
  "nagtaksil": -3,
  "nagtataksil": -3,
  "mas mabuti": 2,
  "pagkiling": -1,
  "may killing": -2,
  "malaki": 1,
  "mga mayamot": -5,
  "mapakla": -2,
  "pagalit": -2,
  "kakaiba": -2,
  "kalokohan": -2,
  "sisihin": -2,
  "sinisi": -2,
  "sinisisi": -2,
  "basbasan": 2,
  "basbas": 3,
  "bulag": -1,
  "lubos na kaligayahan": 3,
  "maligaya": 3,
  "harang": -1,
  "tagumpay": 3,
  "hinarang": -1,
  "hinaharang": -1,
  "mga harang": -1,
  "madugong-madugo": -3,
  "malabo": -1,
  "mapangahas": 2,
  "matapang": 2,
  "bomba": -1,
  "magbunsod": -1,
  "nabunsod": 1,
  "magbubunsod": 1,
  "mainip": -2,
  "nainip": -2,
  "naiinip": -3,
  "mang-abala": -2,
  "inabala": -1,
  "mag-abala": -2,
  "nakakaabala": -2,
  "boykot": -2,
  "nag-boykot": -2,
  "nag-boboykot": -2,
  "mga boykot": -2,
  "propaganda": -3,
  "pambihirang tagumpay": 3,
  "kapansin-pansin": 2,
  "suhol": -3,
  "maliwanag": 1,
  "pinakamaliwanag": 2,
  "liwanag": 1,
  "makinang": 4,
  "matulin": 2,
  "walang wala": -1,
  "basag": -1,
  "halimhim": -2,
  "inapi": -2,
  "mapang-api": -2,
  "nang-aapi": -2,
  "walang kuwenta": -2,
  "nakakalutang": 2,
  "pasan": -2,
  "pinasan": -2,
  "pinapasan": -2,
  "mga pasan": -2,
  "mahinahon": 1,
  "pinahinahon": 2,
  "nagpapa-hinahon": 2,
  "hindi makatiis": -3,
  "magpawalang-bisa": -1,
  "pinawalang-bisa": -1,
  "pinapawalang-bisa": -1,
  "kanser": -1,
  "mahusay": 1,
  "nabighani": 3,
  "pag-aalaga": 2,
  "walang inaalala": 1,
  "maingat": 2,
  "may ingat": 2,
  "pabaya": -2,
  "mga pag-aalaga": 2,
  "magpapalit": -2,
  "nasugatan": -2,
  "malaking sakuna": -3,
  "napakaingat": -1,
  "magdiwang": 3,
  "nagdiwang": 3,
  "nagdiriwang": 2,
  "tagasuri": -2,
  "sensurahin": -2,
  "mga tagasuri": -2,
  "sigurado": 2,
  "kabiguan": -2,
  "nabigo": -2,
  "hamon": -1,
  "pagkakataon": 2,
  "mga pagkakataon": 2,
  "malaking kaguluhan": -2,
  "magulo": -2,
  "pinaratangan": -3,
  "halina": 3,
  "kahali-halina": 3,
  "walang halina": -3,
  "parusahan": -2,
  "pinarusahan": -2,
  "pinaparusahan": -3,
  "magdaya": -3,
  "nagdaya": -3,
  "mandaraya": -3,
  "mga mandaraya": -3,
  "magsaya": 2,
  "nagsaya": 2,
  "masaya": 2,
  "nagsasaya": 2,
  "walang saya": -2,
  "masigla": 2,
  "ipakatangi": 2,
  "itinatangi": 2,
  "tinatangi": 2,
  "kakisigan": 2,
  "parang bata": -2,
  "kaligkigin": -1,
  "mabulunan": -2,
  "nabulunan": -2,
  "nabubulunan": -2,
  "magpaliwanag": 2,
  "kalinawan": 2,
  "salpukan": -2,
  "pangunahing uri": 3,
  "malinis": 2,
  "pampalinis": 2,
  "malinaw": 1,
  "pinalinaw": 1,
  "matalas": 2,
  "makulimlim": -1,
  "walang bakas": -2,
  "magkasa": -5,
  "cocksucker": -5,
  "mga cocksucker": -5,
  "bastos": -2,
  "pinilit": -1,
  "pagguho": -2,
  "gumuho": -2,
  "mga pagguho": -2,
  "gumuguho": -2,
  "magkabangga": -1,
  "nagkaka-banggaan": -1,
  "banggaan": -2,
  "mga banggaan": -2,
  "nagkaka-sabwatan": -3,
  "labanan": -2,
  "mga labanan": -1,
  "katatawanan": 2,
  "kaginhawahan": 2,
  "maginhawa": 2,
  "inaaliw": 2,
  "mga kaginhawahan": 2,
  "mangako": 1,
  "pangako": 1,
  "tapat sa pangako": 1,
  "nangangako": 1,
  "mahabagin": 2,
  "naatasan": 1,
  "may kakayahan": 2,
  "mapagkompetensiya": 2,
  "kampante": -2,
  "daing": -2,
  "dumaing": -2,
  "mga daing": -2,
  "malawak ang saklaw": 2,
  "mapagkasundo": 2,
  "pinagkasundo": 2,
  "pinapag-kasundo": 2,
  "paggawad ng hatol": -2,
  "nahatulan": -2,
  "katapangan": 2,
  "hindi pagkakasundo": -2,
  "hindi nagkakasundo": -2,
  "hidwaan": -2,
  "mga hindi pagkakasundo": -2,
  "guluhin": -2,
  "ginulo": -2,
  "ginugulo": -2,
  "kongrats": 2,
  "batiin": 1,
  "pagbati": 1,
  "pahintulot": 2,
  "mga pahintulot": 2,
  "may kakayahang aliwin": 2,
  "pagsasabwatan": -3,
  "napilitan": -2,
  "ialin": -2,
  "mga ialin": -2,
  "nakakahawa": -1,
  "paghamak": -2,
  "mapanghamak": -2,
  "panghamak": -2,
  "makipaglaban": -1,
  "kalaban": -2,
  "nakikipaglaban": -1,
  "palatutol": -2,
  "maaaring tutulan": -2,
  "pinagtatalunan": -2,
  "mapagtatalunan": -2,
  "mahikayat": 1,
  "nahikayat": 1,
  "pamista": 2,
  "malamig na bagay": 3,
  "pansulok": -2,
  "bangkay": -1,
  "mahal": 2,
  "tapang": -1,
  "magiting": 3,
  "magalang": 2,
  "paggalang": 3,
  "magtakip": -3,
  "duwag": -2,
  "pagkaduwag": -2,
  "pulikat": -1,
  "dumi": -2,
  "lumagpak": -2,
  "mas baliw": -2,
  "pinaka-baliw": -2,
  "baliw": -3,
  "malikhain": 2,
  "lupaypay": -2,
  "umiyak": -2,
  "iyak": -1,
  "krimen": -3,
  "salarin": -3,
  "mga salarin": -3,
  "panganib": -2,
  "manunuri": -2,
  "pagsusuri": -2,
  "batikusin": -2,
  "binatikos": -2,
  "binabatikos": -2,
  "mga manunuri": -2,
  "walang awa": -1,
  "dahas": -3,
  "durugin": -1,
  "dinurog": -2,
  "dinudurog": -1,
  "umiiyak": -2,
  "puki": -5,
  "mausisa": 1,
  "sumpa": -1,
  "hiwa": -1,
  "nakakatuwa": 2,
  "hinihiwa": -1,
  "mangungutya": -2,
  "mapangutya": -2,
  "pangungutya": -2,
  "pinsala": -2,
  "mga pinsala": -2,
  "sumpain": -4,
  "sinumpa": -4,
  "letse": -4,
  "pangahas": 2,
  "pinaka-madilim": -2,
  "kadiliman": -1,
  "walang takot": 2,
  "patay": -3,
  "patas": -2,
  "nakakabingi": -1,
  "buong pagmamahal": 3,
  "kamatayan": -2,
  "pagkamapitagan": 2,
  "utang": -2,
  "panloloko": -3,
  "manloloko": -2,
  "lokohin": -3,
  "niloko": -3,
  "niloloko": -3,
  "daya": -2,
  "disidido": 2,
  "dedikado": 2,
  "talunan": -3,
  "kasiraan": -2,
  "mga kasiraan": -3,
  "tagapagtanggol": 2,
  "mga tagapagtanggol": 2,
  "walang pananggol": -2,
  "umantala": -2,
  "umaantala": -1,
  "suwail": -2,
  "kakulangan": -2,
  "pasamain": -2,
  "nagpapasama": -2,
  "hindi makatao": -2,
  "pinagmalupitan": -2,
  "pinagmamalupitan": -2,
  "abala": -2,
  "tuwa": 3,
  "natuwa": 3,
  "natutuwa": 3,
  "pangangailangan": -1,
  "kinailangan": -1,
  "kinakailangan": -1,
  "mga pangangailangan": -1,
  "pagpapahayag": -1,
  "pinahina ang loob": -2,
  "tinanggihan": -1,
  "taga-tanggi": -2,
  "mga taga-tanggi": -2,
  "tanggihan": -1,
  "isuplong": -2,
  "itinatanggi": -2,
  "malumbay": -2,
  "nalulumbay": -2,
  "deskaril": -2,
  "deskarilado": -2,
  "alipustahin": -2,
  "inalipusta": -2,
  "inaalipusta": -2,
  "mapanuyang tawa": -2,
  "kalugod-lugod": 2,
  "hangarin": 1,
  "hinangad": 2,
  "kanais-nais": 2,
  "kawalan ng pag-asa": -2,
  "nawawalan ng pag-asa": -3,
  "gipit": -3,
  "walang pag-asa": -2,
  "sirain": -3,
  "sinira": -2,
  "sinisira": -3,
  "pagsira": -3,
  "mapanira": -3,
  "tanggalin": -1,
  "pigilin": -1,
  "pinigilan": -1,
  "pag-antala": -2,
  "magwasak": -2,
  "nawasak": -2,
  "nagwawasak": -2,
  "matapat": -2,
  "brilyante": 1,
  "buto": -4,
  "tanga": -4,
  "pagpanaw": -3,
  "pumanaw": -3,
  "mahirap": -2,
  "mahiyain": -2,
  "suliranin": -2,
  "katakut-takot": -3,
  "mas marumi": -2,
  "pinaka-marumi": -2,
  "marumi": -3,
  "sumasalanta": -1,
  "kasahulan": -2,
  "malagay sa kasahulan": -2,
  "maglaho": -1,
  "naglaho": -1,
  "mabigo": -2,
  "nabibigo": -2,
  "mga kabiguan": -2,
  "kapinsa-pinsala": -3,
  "ayaw maniwala": -2,
  "magtapon": -1,
  "tinapon": -1,
  "nagtatapon": -1,
  "walang sigla": -2,
  "pagkawalang sigla": -2,
  "alitan": -2,
  "binawasan": -1,
  "nanghina ang loob": -2,
  "pabulaanan": -2,
  "panghahamak": -2,
  "napariwara ang puri": -2,
  "magpanggap": -1,
  "nagpanggap": -1,
  "nagpapanggap": -1,
  "nawalan ng pag-asa": -2,
  "hindi tapat": -2,
  "nawalan ng gusto": -2,
  "nagkahiwa-hiwalay": -2,
  "hindi pagkagusto": -2,
  "binagabag": -2,
  "kaguluhan": -2,
  "tuliro": -2,
  "pintasan": -2,
  "pinintasan": -2,
  "pinipintasan": -2,
  "pinag-alitan": -2,
  "mga alitan": -2,
  "pinag-aalitan": -2,
  "inalisan ng karapatan": -2,
  "pagkabalisa": -2,
  "pinapabayaan": -2,
  "pagkabuwag": -2,
  "mga pagkabuwag": -2,
  "bumuwag": -2,
  "hindi napawi": -2,
  "pumilipit": -2,
  "pinilipit": -2,
  "pinipilipit": -2,
  "gambalain": -2,
  "ginambala": -2,
  "paggambala": -2,
  "namimighati": -2,
  "nagdadalamhati": -3,
  "walang tiwala": -3,
  "walang pagtitiwala": -3,
  "balisa": -2,
  "matranta": -2,
  "nahihilo": -2,
  "umi-ilag": -2,
  "tuso": -2,
  "hindi gumagana": -3,
  "kahapis-hapis": -2,
  "hindi gusto": -2,
  "tiyak na kamatayan": -2,
  "pag-aalinlangan": -1,
  "nag-alinlangan": -1,
  "nag-aalinlangan": -1,
  "mga pag-aalinlangan": -1,
  "dutsa": -3,
  "supot ng dutsa": -3,
  "kaladkarin": -1,
  "kinaladkad": -1,
  "pinatuyo": -2,
  "pagkasindak": -2,
  "kasindakan": -2,
  "kasindak-sindak": -3,
  "kinasisindakan": -2,
  "pangarap": 1,
  "mga pangarap": 1,
  "matamlay": -1,
  "pananamlay": -1,
  "patak": -1,
  "lunod": -2,
  "nalunod": -2,
  "lasing": -2,
  "kahina-hinala": -2,
  "hindi kailangan": -2,
  "nakababagot": -2,
  "bobo": -2,
  "magtambak": -1,
  "tinambakan": -2,
  "kalungkutan": -2,
  "manloko": -2,
  "hindi karaniwan": -1,
  "luwag": 2,
  "madali": 1,
  "kaliga-ligaya": 4,
  "nakakatakot": -2,
  "kakabakaba": -2,
  "mabisa": 2,
  "mabisang-": 2,
  "galak na galak": 3,
  "pagkagalak": 3,
  "magara": 3,
  "magarang": 2,
  "mapahiya": -2,
  "nakakahiya": -2,
  "nakasusuklam": -2,
  "yakap": 2,
  "biglang pangangailangan": -2,
  "nakikiramay": 2,
  "pagkawalang-laman": -1,
  "walang-laman": -1,
  "ginayuma": 2,
  "bigyan ng pag-asa": 2,
  "binigyan ng pag-asa": 2,
  "pagbigay ng pag-asa": 2,
  "mga kalaban": -2,
  "tumawag ng pansin": 1,
  "umukupa": 1,
  "nagpapakasaya": 2,
  "paliwanagan": 2,
  "naliwanagan": 2,
  "nakakapaliwanag": 2,
  "galitin": -2,
  "galit na galit": -3,
  "galitin nang labis": -2,
  "pasayahin": 3,
  "alipinin": -2,
  "inalipin": -2,
  "tiyakin": 1,
  "tinitiyak": 1,
  "nagangalakal": 1,
  "nakakalibang": 2,
  "mabighani": 3,
  "may karapatan": 1,
  "pinagkatiwalaan": 2,
  "mga inggit": -1,
  "mainggitin": -2,
  "inggit": -1,
  "nai-inggit": -1,
  "mali": -2,
  "pagkakamali": -2,
  "mga pagkakamali": -2,
  "pagtakas": -1,
  "mga pagtakas": -1,
  "pagtatakas": -1,
  "wasto": 2,
  "pagpalayas": -1,
  "kasamaan": -3,
  "labisan": -2,
  "pinagrabe": -2,
  "pinalalabis": -2,
  "bagot": 2,
  "kagalingan": 3,
  "magaling na magaling": 3,
  "ikatuwa": 3,
  "tuwang-tuwa": 4,
  "kagalakan": 3,
  "nagagalak": 4,
  "huwag isama": -1,
  "hindi kasama": -2,
  "pagpapalayas": -1,
  "pantangi": 2,
  "katwiran": -1,
  "hindi saklaw": -1,
  "pagod": -2,
  "ubod nang galak": 3,
  "magalak": 4,
  "magpawalang-sala": 2,
  "lumago": 1,
  "paalisin": -2,
  "pinatalsik": -2,
  "pinapatalsik": -2,
  "kabayanihan": 3,
  "pinagsamantalahan": -2,
  "pinagsasamantalahan": -2,
  "pagsaliksik": 1,
  "mga pagsaliksik": 1,
  "ibunyag": -1,
  "ibinunyag": -1,
  "ibinubunyag": -1,
  "patagalin": -2,
  "masayang-masaya": 3,
  "masayang-masayang": 3,
  "pansamantalang uso": -2,
  "bakla": -3,
  "mga bakla": -3,
  "mabagsak": -2,
  "nabagsak": -2,
  "nababagsak": -2,
  "bagsak": -2,
  "mga bagsak": -2,
  "mahina ang loob": -2,
  "walang kinikilingan": 2,
  "pananampalataya": 1,
  "hindi tunay": -3,
  "mga hindi tunay": -3,
  "nagkukunwari": -3,
  "nahulog": -2,
  "nahuhulog": -1,
  "kahuwaran": -3,
  "huwaran": -3,
  "karangalan": 1,
  "tagahanga": 3,
  "komedya": -1,
  "nabibighani": 3,
  "pasista": -2,
  "mga pasista": -2,
  "mga bagsik pumatay": -3,
  "bagsik pumatay": -3,
  "napagod": -2,
  "mga pagod": -2,
  "nakakapagod": -2,
  "pabor": 2,
  "napaboran": 2,
  "paborito": 2,
  "ginawang paborito": 2,
  "mga paborito": 2,
  "matakutin": -2,
  "sawang-sawa": -3,
  "mahina": -2,
  "damdamin": 1,
  "mga mabibigat na kasalanan": -3,
  "mabigat na kasalanan": -3,
  "taimtim": 2,
  "maalab": 2,
  "kabalastugan": -3,
  "hindi mapakali": -2,
  "mainam": 2,
  "apoy": -2,
  "sinisante": -2,
  "pagpapaputok": -2,
  "angkop": 1,
  "kaangkupan": 1,
  "punong barko": 2,
  "lumayo": -1,
  "sumalampak": -2,
  "trangkaso": -2,
  "nataranta": -2,
  "nakatutok": 2,
  "rematahan": -2,
  "mga rematahan": -2,
  "kalimutan": -1,
  "malilimutin": -2,
  "patawarin": 1,
  "mapagpatawad": 1,
  "kinalimutan": -1,
  "mapalad": 3,
  "panlilinlang": -2,
  "mga panlilinlang": -4,
  "manlilinlang": -4,
  "mga manlilinlang": -4,
  "may panlilinlang": -4,
  "malaya": 1,
  "kalayaan": 2,
  "diliryo": -3,
  "sariwa": 1,
  "palakaibigan": 2,
  "sindak": -3,
  "natakot": -2,
  "firkin": -2,
  "malikot": 2,
  "nakasimangot": -1,
  "nakakabigo": -2,
  "ftw": 3,
  "maghindot": -4,
  "naghindot": -4,
  "manghihindot": -4,
  "mga manghihindot": -4,
  "fuckface": -4,
  "fuckhead": -4,
  "naghihindot": -4,
  "fucktard": -4,
  "fud": -3,
  "fuked": -4,
  "fuking": -4,
  "natapos": 2,
  "umusok": -2,
  "katuwaan": 4,
  "libing": -1,
  "mga libing": -1,
  "funky": 2,
  "mas nakakatawa": 4,
  "nakakatawa": -3,
  "walang kasaysayan": 2,
  "busal": -2,
  "binusalan": -2,
  "matamo": 2,
  "natamo": 2,
  "natatamo": 2,
  "kagitingan": 3,
  "mapagbigay": 2,
  "multo": -1,
  "regalo": 2,
  "mapanghalina": 3,
  "kasayahan": 3,
  "masayahin": 1,
  "panglaw": -1,
  "mapanglaw": -2,
  "maluwalhati": 4,
  "kaluwalhatian": 2,
  "walang kibo": -2,
  "maykapal": 1,
  "goddamn": -3,
  "kaloob ng maykapal": 4,
  "mabuti": 3,
  "kabutihan": 3,
  "pagpapala": 1,
  "mapagbigay-loob": 3,
  "maringal": 3,
  "igawad": 1,
  "iginagawad": 1,
  "nagpapasalamat": 2,
  "kaluguran": 2,
  "libingan": -2,
  "kulay-abo": -1,
  "dakila": 3,
  "mas dakila": 3,
  "pinakadakila": 3,
  "kasakiman": -3,
  "masakim": -2,
  "akit na luntian": -3,
  "aakit na luntian": -3,
  "taga akit na luntian": -3,
  "mga taga akit na luntian": -3,
  "bumati": 1,
  "mga pagbati": 2,
  "nagdalamhati": -2,
  "magaslaw": -2,
  "lumalaki": 1,
  "paglaki": 2,
  "kasalanan": -3,
  "may kasalanan": -2,
  "pagiging mapaniwalain": -2,
  "mapaniwalain": -2,
  "baril": -1,
  "ha": 2,
  "tinadtad": -1,
  "haha": 3,
  "hahaha": 3,
  "hahahah": 3,
  "tawagin": 2,
  "tumawag": 2,
  "sawing-palad": -2,
  "kasawiang-palad": -2,
  "kaligayahan": 3,
  "mas mahirap": -2,
  "kahirapan": -1,
  "matibay": 2,
  "pininsala": -2,
  "nakakapinsala": -2,
  "pinipinsala": -2,
  "maligalig": -2,
  "mabagsik": -3,
  "mas mabagsik": -2,
  "pinakamabagsik": -2,
  "pagkasuklam": -3,
  "kinasusuklaman": -3,
  "mga taong may pagkasuklam": -3,
  "nasusuklam": -3,
  "maggagawi": -1,
  "pinagmumultuhan": -2,
  "kalagim-lagim": 1,
  "malusog": 2,
  "nakakasakit ng damdamin": -3,
  "may pusong sawi": -3,
  "taos-puso": 2,
  "langit": 2,
  "mabigat ang loob": -2,
  "impyerno": -4,
  "matulungin": 2,
  "tumutulong": 2,
  "kaawa-awa": -2,
  "bayani": 2,
  "mga bayani": 2,
  "nag-aalangan": -2,
  "mag-alinlangan": -2,
  "itago": -1,
  "tago": -1,
  "tinatago": -1,
  "bigyang-diin": 2,
  "nangungulila sa bayan": -2,
  "tapat": 2,
  "dangal": 2,
  "naparangalan": 2,
  "pinararangalan": 2,
  "tarantado": -2,
  "pagkabasagulero": -2,
  "mga tarantado": -2,
  "umaasa": 2,
  "sana": 2,
  "mga pag-asa": 2,
  "nakakapangilabot": -3,
  "nakapangingilabot": -3,
  "nasindak": -2,
  "poot": -2,
  "manlalako": -2,
  "mga yakap": 2,
  "humerous": 3,
  "gutom": -2,
  "mabuhay": 5,
  "pagyurak": -2,
  "mga sakit": -2,
  "mapagkunwari": -2,
  "isterismo": -3,
  "isteriko": -3,
  "pagka-isteriko": -3,
  "hangal": -4,
  "kamangmangan": -2,
  "mangmang": -2,
  "may sakit": -2,
  "labag sa batas": -3,
  "sintu-sinto": -3,
  "nakatirik": -1,
  "walang kamatayan": 2,
  "hindi na tatablan": 1,
  "mainipin": -2,
  "may sira": -2,
  "kahalagahan": 1,
  "mahalaga": 1,
  "igiit": -1,
  "iginiit": -1,
  "iginigiit": -1,
  "inutil": -2,
  "magtatak": 3,
  "nagtatak": 3,
  "nabilanggo": -2,
  "mapabuti": 2,
  "pinabuti": 2,
  "pagpapabuti": 2,
  "pinapabuti": 2,
  "kawalan ng kakayahan": -2,
  "hindi pagkilos": -2,
  "kapos": -2,
  "walang kakayahan": -2,
  "nawalan ng kakayahan": -2,
  "ibinunsod": -2,
  "kawalang kakayahan": -2,
  "taong walang kakayahan": -2,
  "walang pakundangan": -2,
  "nakaaabala": -2,
  "dagdagan": 1,
  "nadagdagan": 1,
  "hindi nakapagpapasiya": -2,
  "hindi masisira": 2,
  "kawalang malasakit": -2,
  "nagagalit": -2,
  "turuan ng doktrina": -2,
  "tinuruan ng doktrina": -2,
  "tinuturuan ng doktrina": -2,
  "walang bisa": -2,
  "kawalang bisa": -2,
  "nahahaling": 2,
  "pagkahaling": 2,
  "impeksyon": -2,
  "mababa": -2,
  "sumiklab": -2,
  "maimpluwensiya": 2,
  "panghihimasok": -2,
  "pinagalit": -2,
  "ipagbawal": -1,
  "nasaktan": -2,
  "labag sa katarungan": -2,
  "magpabago": 1,
  "pagbabago": 1,
  "mapag-babago": 2,
  "pagtatanong": -2,
  "matanong": 2,
  "sira ulo": -2,
  "pagkasira ng ulo": -2,
  "walang katiyakan": -2,
  "walang pakiramdam": -2,
  "kawalan ng damdamin": -2,
  "walang halaga": -2,
  "matabang": -2,
  "pamukaw-sigla": 2,
  "makapukaw-sigla": 2,
  "bigyang-sigla": 2,
  "nabigyang-sigla": 2,
  "nakakasigla": 3,
  "pang-aalipusta": -3,
  "nang-aalipusta": -2,
  "mga pang-aalipusta": -2,
  "buo": 2,
  "katapatan": 2,
  "matalino": 1,
  "matindi": 1,
  "pagkawili": 1,
  "nagkakagusto": 2,
  "nakakawili": 2,
  "mga pagkawili": 1,
  "nag-usisa": -2,
  "pag-abala": -2,
  "naantala": -2,
  "pagkaantala": -2,
  "takutin": -2,
  "tinakot": -2,
  "nananakot": -2,
  "pananakot": -2,
  "masalimuot": 2,
  "mga intriga": 1,
  "hindi matatalo": 2,
  "pag-aanyaya": 1,
  "inaanyayahan": 2,
  "hindi tinatablan": 2,
  "mapanuya": -1,
  "panunuya": -1,
  "hindi makatwiran": -1,
  "hindi matiis": 2,
  "walang kapanagutan": 2,
  "hindi maaaring pawalang-bisa": -1,
  "mangyamot": -3,
  "hiniwalay": -1,
  "makati": -2,
  "mga hangal": -4,
  "ibinilanggo": -2,
  "naiinggit": -2,
  "haltak": -3,
  "Hesus": 1,
  "hiyas": 1,
  "mga hiyas": 1,
  "palabiro": 2,
  "isali": 1,
  "biro": 2,
  "mga biro": 2,
  "hindi masaya": -2,
  "magugulatin": -1,
  "katarungan": 2,
  "pagiging maka pangatwiranan": 2,
  "napangatwiranan": 2,
  "patayin": -3,
  "pinatay": -3,
  "pagpatay": -3,
  "mabait": 2,
  "mas mabait": 2,
  "halik": 2,
  "pagkakahuli": -2,
  "nahuli": -2,
  "pagkahuli": -2,
  "pilay": -2,
  "palatandaan": 2,
  "halkahak": 1,
  "humalakhak": 1,
  "humahalakhak": 1,
  "mga halkahak": 1,
  "tumatawa": 1,
  "inilunsad": 1,
  "batas": 3,
  "kaso": -2,
  "mga kaso": -2,
  "tamad": -2,
  "tagas": -1,
  "tumagas": -1,
  "alis": -1,
  "ayon sa batas": 1,
  "naaayon sa batas": 1,
  "hindi mahigpit": 1,
  "nakapang-hina": -2,
  "panghihina": -2,
  "sinungaling": -3,
  "mga sinungaling": -3,
  "mapanirang-puri": -2,
  "nagsinungaling": -2,
  "salbabida": 4,
  "gusto": 2,
  "nagustuhan": 2,
  "kagustuhan": 1,
  "saklaw": -1,
  "may takda": -1,
  "hangganan": -1,
  "pagsasakdal": -1,
  "sabik sa pagsasakdal": -2,
  "nangingitim-ngitim": -2,
  "lmao": 4,
  "lmfao": 4,
  "kamuhian": -3,
  "kinamuhian": -3,
  "kinamumuhian": -3,
  "lobi": -2,
  "maglobi": -2,
  "lol": 3,
  "nakakalungkot": -2,
  "pananabik": -1,
  "panghabi": -1,
  "naghabi": -1,
  "naghahabi": -1,
  "mga panghabi": -1,
  "maluwag": -3,
  "natatalo": -3,
  "pagkatalo": -3,
  "natalo": -3,
  "pag-ibig": 3,
  "minahal": 3,
  "mga kaibig-ibig": 3,
  "mapagmahal": 2,
  "pinakamababa": -1,
  "suwerte": 3,
  "sa kabutihang-palad": 3,
  "mga baliw": -3,
  "magkubli": -1,
  "kubli": -1,
  "kaglit-galit": -3,
  "gawa sa": -1,
  "hibang na hibang": -3,
  "kahibangan": -3,
  "sapilitan": -1,
  "pinatakbo": -1,
  "pinapatakbo": -1,
  "pagpapatakbo": -1,
  "obra maestra": 4,
  "mga obra maestra": 4,
  "bagay": 1,
  "mga bagay": 1,
  "mahinog": 2,
  "makabuluhan": 2,
  "walang kabuluhan": -2,
  "medalya": 3,
  "kapangkaraniwanan": -3,
  "mapagmuni-muni": 1,
  "magsapanganib": -2,
  "awa": 2,
  "gulo": -2,
  "gumulo": -2,
  "masistema": 2,
  "hindi iniintindi": -2,
  "himala": 4,
  "nagtatawanan": 3,
  "ganap na pagtatawa": 3,
  "nagluluko": -2,
  "gumawa ng kalokohan": -2,
  "gumagawa ng kalokohan": -2,
  "pilyo": -1,
  "mga pilyo": -1,
  "kahabag-habag": -3,
  "paghihinala": -2,
  "maling impormasyon": -2,
  "nagbigay ng impormasyon": -2,
  "maling pakahulugan": -2,
  "nakakalinlang": -3,
  "maling pagbasa": -1,
  "maling pag-ulat": -2,
  "maling paglalarawan": -2,
  "magpalya": -2,
  "pumalya": -2,
  "nawawala": -2,
  "nagkakamali": -2,
  "namamali": -2,
  "maling pag-unawa": -2,
  "maling pagkaunawa": -2,
  "gusot": -2,
  "dumadaing": -2,
  "mga daing": -2,
  "kutyain": -2,
  "kinutya": -2,
  "kinukutya": -2,
  "nangngalakal": -2,
  "sarilinin": -2,
  "akaparahin": -2,
  "paglagom": -2,
  "sumpungin": -1,
  "kulang-kulang": -3,
  "putting in a mo": -5,
  "putanginamo": -5,
  "mag-udyok": 1,
  "nag-udyok": 2,
  "nag-uudyok": 2,
  "pag-uudyok": 1,
  "magdalamhati": -2,
  "masama ang kalooban": -2,
  "pagpatay ng tao": -2,
  "mamamtay-tao": -2,
  "pumapatay ng tao": -3,
  "nakamamatay": -3,
  "mga pagpatay ng tao": -2,
  "gawa-gawa": -1,
  "n00b": -2,
  "walang muwang": -2,
  "likas": 1,
  "nangangailangan": -2,
  "pasalungat": -2,
  "kapabayaan": -2,
  "Katakot-takot": -2,
  "makisig": 2,
  "niggas": -5,
  "nigger": -5,
  "hindi": -1,
  "marangal": 2,
  "maingay": -1,
  "noob": -2,
  "pakialamera": -2,
  "hindi maganda": -2,
  "kilalang-kilala": -2,
  "kathambuhay": 2,
  "manhid": -1,
  "hibang": -3,
  "mapawi": -2,
  "pawiin": 3,
  "malaswa": -2,
  "nahuhumaling": 2,
  "hindi na ginagamit": -2,
  "mga sagabal": -2,
  "saktan ang damdamin": -2,
  "sinaktan ang damdamin": -2,
  "may sala": -2,
  "sinasaktan ang damdamin": -2,
  "offline": -1,
  "oks": 2,
  "nagbabanta": 3,
  "minsanang pagkakataon": 3,
  "pagkapalaasa": 2,
  "maasahin sa mabuti": 2,
  "walang opsyon": -2,
  "hiyaw": -3,
  "luminlang": -2,
  "nang-alipusta": -3,
  "awtrits": 2,
  "bukod-tangi": 5,
  "labis na karga": -1,
  "nakaligtaan": -1,
  "labis na tugon": -2,
  "labis na pagtugon": -2,
  "labis na pagbenta": -2,
  "labis na pagbebenta": -2,
  "labis na pagpapagaan": -2,
  "labis na pinadali": -2,
  "labis na pinadadali": -2,
  "lagpas na pahayag": -2,
  "mga lagpas na pahayag": -2,
  "sobrang timbang": -1,
  "kasalungat": -1,
  "mga sindak": -3,
  "paraiso": 3,
  "kabalintunaan": -1,
  "kapatawaran": 2,
  "pinatawad": 2,
  "pinapatawad": 2,
  "panayam": -1,
  "madamdamin": 2,
  "luwag sa loob": -1,
  "maluwag sa loob": -1,
  "magbayad": -1,
  "kapayapaan": 2,
  "mapayapa": 2,
  "patiwasay": 2,
  "parusa": -2,
  "nag-iisip": -1,
  "walang kapintasan": 2,
  "walang maiipipintas": 2,
  "nang walang kamali-mali": 3,
  "pagsira sa banal na pangako": -3,
  "mga may kasalanan": -2,
  "lito": -2,
  "mag-usig": -2,
  "inusig": -2,
  "inuusig": -2,
  "ligalig": -2,
  "mapanggulo": -2,
  "manigas": -2,
  "parang larawan": 2,
  "pagkaipon": -1,
  "sama ng loob": -2,
  "sumama ang loob": -2,
  "inis": -4,
  "nainis": -4,
  "naiinis": -3,
  "kaawaan": -1,
  "pagkaawa": -2,
  "mapaglaro": 2,
  "kaaya-aya": 3,
  "matuwa": 1,
  "nakatayo nang matatag": -2,
  "lason": -2,
  "nilason": -2,
  "mga lason": -2,
  "magdumi": -2,
  "nagdumi": -2,
  "taong nagdudumi": -2,
  "mga taong nagdudumi": -2,
  "pinakamahirap": -2,
  "tanyag": 2,
  "mapaniguro": 2,
  "mapang-angkin": -2,
  "ipagpaliban": -1,
  "ipinagpaliban": -1,
  "ipinagpapaliban": -1,
  "makapangyarihan": 2,
  "walang kapangyarihan": -2,
  "mga papuri": 3,
  "manalangin": 1,
  "mananalangin": 1,
  "prblm": -2,
  "prblms": -2,
  "handa": 1,
  "panggigipit": -1,
  "ginipit": -2,
  "magpapanggap": -1,
  "marikit": 1,
  "pigilan": -1,
  "pinipigilan": -1,
  "tusok": -5,
  "bilangguan": -2,
  "bilanggo": -2,
  "mga bilanggo": -2,
  "may tanging karapatan": 2,
  "maka-aktibo": 2,
  "mga suliranin": -2,
  "mapagsamantala": -2,
  "pinangako": 1,
  "mga pangako": 1,
  "mag-asenso": 1,
  "nag-asenso": 1,
  "mag-assenso": 1,
  "pagpapalaganap": -2,
  "isakdal": -1,
  "isinakdal": -2,
  "pag-uusig": -1,
  "pag-asam": 1,
  "mga pag-asam": 1,
  "masagana": 3,
  "ipagtanggol": 1,
  "ipinagtanggol": 1,
  "tumutol": -2,
  "taong tumututol": -2,
  "tumututol": -2,
  "mga taong tumututol": -2,
  "buong karangalan": 2,
  "nagbunsod": -1,
  "nagbubunsod": -1,
  "pseudoscience": -3,
  "pamparusa": -2,
  "mapilit": -1,
  "nanginginig": -2,
  "nagtanong": -1,
  "nagtatanong": -1,
  "kapootang panlahi": -3,
  "taong mapoot sa ibang lahi": -3,
  "mga taong mapoot sa ibang lahi": -3,
  "puno ng poot": -2,
  "maulan": -1,
  "taong humuhiyaw": -3,
  "mga taong humuhiyaw": -3,
  "panggagahasa": -4,
  "taong nanggagahasa": -4,
  "malabis na pagkagalak": 2,
  "labis na nagalak": 2,
  "lubos na kagalakan": 4,
  "padalus-dalos": -2,
  "nagpatibay": 2,
  "maabot": 1,
  "naabot": 1,
  "inaabot": 1,
  "muling bigyan ng katiyakan": 1,
  "muling nabigyan ng katiyakan": 1,
  "muling nagbibigay ng katiyakan": 2,
  "paghihimagsik": -2,
  "pag-urong": -2,
  "hindi maingat": -2,
  "magpayo": 2,
  "pinagpayuhan": 2,
  "tinubos": 2,
  "tinatanggihan": -1,
  "magsisi": -2,
  "nagsisisi": -1,
  "nagsisi": -2,
  "nagalak": 4,
  "nagpahinga": 2,
  "may tiwala": 2,
  "magpagaan": 1,
  "nagpagaan": 2,
  "nagpapagaan": 2,
  "magugustuhan": 2,
  "taos na pagsisissi": -2,
  "pagtataboy": -1,
  "itinaboy": -2,
  "sagipin": 2,
  "sinagip": 2,
  "puno ng galit": -2,
  "magbitiw": -1,
  "walang tutol": -1,
  "magbibitiw": -1,
  "matatag": 2,
  "magpasiya": 2,
  "nagpapasiya": 2,
  "ginagalang": 2,
  "may pananagutan": 2,
  "tumutugon": 2,
  "ibalik": 1,
  "ibinalik": 1,
  "ibinabalik": 1,
  "maghigpit": -2,
  "ipinagbawal": -2,
  "ipinagbabawal": -2,
  "mapanatili": -1,
  "pabagalin": -2,
  "pamamahinga": -1,
  "paghiganti": -2,
  "mapaghiganti": -2,
  "igalang": 2,
  "matauhan": 2,
  "ginantimpalan": 2,
  "gantimpalaan": 2,
  "mga gantimpala": 2,
  "mayaman": 2,
  "sangkapan": -1,
  "sinangkapan": -1,
  "tamang daan": 3,
  "mahigpit": 3,
  "napakahigpit": 3,
  "mga kaguluhan": -2,
  "peligro": -2,
  "mga peligro": -2,
  "nakawan": -2,
  "magnanakaw": -2,
  "dinamitan": -2,
  "dadamitan": -2,
  "matipuno": 2,
  "rofl": 4,
  "roflcopter": 4,
  "roflmao": 4,
  "pag-iibigan": 2,
  "rotfl": 4,
  "rotflmfao": 4,
  "rotflol": 4,
  "pagkawasak": -2,
  "wasak": -2,
  "winawasak": -2,
  "mga pagkawasak": -2,
  "pamiminsala": -2,
  "dulot ng kalungkutan": -2,
  "nakalulungkot": -2,
  "ligtas": 2,
  "kaligtasan": 1,
  "kitang-kita": 1,
  "makatas": -1,
  "nang-uuyam": -2,
  "nasisiyahan": 2,
  "iligtas": 2,
  "pandaraya": -3,
  "mga pandaraya": -2,
  "kahiya-hiya": -3,
  "mga kahihiyan": -3,
  "hantungan ng sisi": -2,
  "mga hantungan ng sisi": -2,
  "pagkatakot": -2,
  "mapagduda": -2,
  "pagalitan": -2,
  "pagsagap": 3,
  "sigaw": -2,
  "sumigaw": -2,
  "sumisigaw": -2,
  "mga sigaw": -2,
  "manghuhuthot": -4,
  "matiwasay": 2,
  "panunulsol laban sa pamahalaan": -2,
  "labag sa bayan": -2,
  "akitin sa masama": -1,
  "may tiwala sa sarili": 2,
  "sariling panlilinlang": -2,
  "makasarili": -3,
  "pagkamakasarili": -3,
  "nasentensiyahan": -2,
  "mga parusa": -2,
  "sentensiyahan": -2,
  "payapa": 2,
  "malala": -2,
  "malibog": 3,
  "nangangalog": -2,
  "makibahagi": 1,
  "nakibahagi": 1,
  "nabasag": -2,
  "tae": -3,
  "pagkabigla": -2,
  "nabigla": -2,
  "nakakabigla": -2,
  "barilin": -1,
  "malabo ang panignin sa malayo": -2,
  "pagkabo ng panignin sa malayo": -2,
  "mga kakulangan": -2,
  "babaeng palaaway": -4,
  "buntong-hininga": -2,
  "patahimikin": -1,
  "ulol": -1,
  "nang matapat": 2,
  "makasalanan": -2,
  "may alinlangan": -2,
  "kawalan ng paniwala": -2,
  "mga mapagduda": -2,
  "pagsara nang malakas": -2,
  "paglaslas": -2,
  "laslas": -2,
  "paglalaslas": -2,
  "pang-aalipin": -3,
  "kawalang-tulog": -2,
  "makintab": 2,
  "mas makintab": 2,
  "pinaka-makintab": 2,
  "kalapating mababa ang lipad": -4,
  "mas matalino": 2,
  "pinak- matalino": 2,
  "dungis": -2,
  "ngiti": 2,
  "ngumiti": 2,
  "mga ngiti": 2,
  "ngumungiti": 2,
  "karimlan": -2,
  "napakatuso": -1,
  "magmalaki": -2,
  "mapagmalaki": -2,
  "nagmamalaki": -2,
  "paghinahon": 1,
  "kapita-pitagan": -1,
  "katatagan": 2,
  "kalutasan": 1,
  "mga kalutasan": 1,
  "lutasin": 1,
  "nalutas": 1,
  "nilulutas": 1,
  "ilang mga uri": 0,
  "son-of-a-bitch": -5,
  "napawi": 3,
  "nakakapawi": 3,
  "sanay sa kamunduhan": 2,
  "makirot": -1,
  "spam": -2,
  "taong nagpapadala ng spam": -3,
  "mga taong nagpapadala ng spam": -3,
  "pagpapadala ng spam": -2,
  "kislap": 1,
  "kinang": 3,
  "mga kinang": 3,
  "makislap": 3,
  "mapag-isip": -2,
  "diwa": 1,
  "nagmamaktol": -2,
  "napakainam": 3,
  "patahanin": -1,
  "saksak": -2,
  "sinaksak": -2,
  "mga saksak": -2,
  "antalahin": -2,
  "pag-aantala": -2,
  "lakas": 2,
  "pagtatakbuhan": -2,
  "nagulantang": -2,
  "magutom": -2,
  "ginutom": -2,
  "nagugutom": -2,
  "pagnanakaw": -2,
  "kuru-kuro": -2,
  "pinigil": -1,
  "pasiglahin": 1,
  "pinasigla": 1,
  "pinapasigla": 2,
  "kuripot": -2,
  "ninakaw": -2,
  "tigil": -1,
  "tumigil": -1,
  "tumitigil": -1,
  "mataba": 2,
  "matuwid": 1,
  "hindi pangkaraniwan": -1,
  "bigti": -2,
  "kalakasan": 2,
  "lakasan": 2,
  "pinalakas": 2,
  "pagpapalakas": 2,
  "binigyang-diin": -2,
  "nagdidiin": -2,
  "mga nagdidiin": -2,
  "sugatan": -2,
  "paluin": -1,
  "mga nag-aaklas": -2,
  "mas matibay": 2,
  "pinaka- matibay": 2,
  "magsumikap": -2,
  "nagsumikap": -2,
  "nagsusumikap": -2,
  "sutil": -2,
  "dumikit": -2,
  "nakasisindak": 4,
  "pagka-bobo": -2,
  "pinong kumilos": 2,
  "sa kalahatan": 1,
  "sa pangkalahatan": 1,
  "mapangwasak": -2,
  "matagumpay": 4,
  "sumipsip": -3,
  "magtiis": -2,
  "pagtitiis": -2,
  "pagpapakamatay": -2,
  "magpakamatay": -2,
  "idedemanda": -2,
  "pagtatampo": -2,
  "nagtatampo": -2,
  "nagtampo": -2,
  "sikat ng araw": 2,
  "marangya": 5,
  "higit na mahusay": 2,
  "taguyod": 2,
  "tinaguyod": 2,
  "tagataguyod": -2,
  "mga tagataguyod": 1,
  "tinataguyod": 1,
  "mapagtaguyod": 2,
  "natirang buhay": 2,
  "matirang buhay": 2,
  "taong natirang buhay": 2,
  "pinaghihinalaan": -1,
  "pinagdudahan": -1,
  "paghihinalaan": -1,
  "mga pinaghihinalaan": -1,
  "sumumpa": -2,
  "pagsumpa": -2,
  "matamis": 2,
  "mabilis": 2,
  "nang matulin": 2,
  "huthot": -3,
  "madamayin": 2,
  "pakikiramay": 2,
  "tard": -2,
  "mga luha": -2,
  "panahon": -2,
  "pag-igting": -1,
  "napakahirap": -3,
  "lubhang takot": -3,
  "sindakin": -3,
  "sinindak": -3,
  "pasalamatan": 2,
  "pasasalamat": 2,
  "matinik": -2,
  "maalalahanin": 2,
  "walang ingat": -2,
  "banta": -2,
  "pagbantaan": -2,
  "binantaan": -2,
  "pinagbabantaan": -2,
  "hadlangan": -2,
  "hinadlangan": -2,
  "hinahadlangan": -2,
  "matatakutin": -2,
  "utong": -2,
  "mapagparaya": 2,
  "bungal": -2,
  "pinakamataas": 2,
  "punit-punit": -2,
  "labis na pagpapahirap": -4,
  "labis na pahirap": -4,
  "totalitaryan": -2,
  "totalitaryanismo": -2,
  "tumataguyod": -2,
  "nagtataguyod": -2,
  "kapahamakan": -2,
  "ukol sa kapahamakan": -2,
  "panatag": 2,
  "bitag": -1,
  "nabitag": -2,
  "trauma": -3,
  "ukol sa trauma": -3,
  "pantaksil": -3,
  "kayamanan": 2,
  "mga kayamanan": 2,
  "nangangatog": -2,
  "nalinlang": -2,
  "tunay": 2,
  "paniniwala": 1,
  "pinagkakatiwalaan": 2,
  "bukol": -2,
  "twat": -5,
  "pangit": -3,
  "hindi katanggap-tanggap": -2,
  "hindi pinahahalagahan": -2,
  "hindi pinahihintulutan": -2,
  "hindi alam": -2,
  "hindi kapanipaniwala": -1,
  "hindi naniniwala": -1,
  "hindi maginhawa": -2,
  "walang patunay": -1,
  "hindi pinaniniwalaan": -1,
  "hindi makapagpasiya": -1,
  "minamaliit": -1,
  "pahinain": -2,
  "pinahihina": -2,
  "hindi karapat-dapat": -2,
  "hindi kanais-nais": -2,
  "hindi mapalagay": -2,
  "kawalan ng hanapbuhay": -2,
  "hindi pantay": -1,
  "hindi mapapantayan": 2,
  "hindi angkop": -2,
  "may kinikilingan": -2,
  "hindi nakatutok": -2,
  "hindi natutupad": -2,
  "hindi malusog": -2,
  "pinag-isa": 1,
  "hindi nakatatak": -2,
  "nagkaisa": 1,
  "hindi makatarungan": -2,
  "hindi karapat-dapat ng pag-ibig": -2,
  "hindi mahal": -2,
  "walang kaparis": 1,
  "walang umuudyok": -2,
  "hindi propesyonal": -2,
  "hindi sinaliksik": -2,
  "hindi nasisiyahan": -2,
  "hindi nakakasiguro": -2,
  "walang kapanatagan": -1,
  "walang arte": -2,
  "hindi matatag": -2,
  "hindi mapipigilan": 2,
  "hindi sinusuportahan": -2,
  "hindi sigurado": -1,
  "walang dumi": 2,
  "hindi ginusto": -2,
  "nagpapabalisa": -2,
  "madalian": -1,
  "kapaki-pakinabang": 2,
  "walang pakinabang": -2,
  "walang kapaki-pakinabang": -2,
  "bigyang-bisa": 1,
  "binigyang-bisa": 1,
  "binibigyang-bisa": 1,
  "hatol ng hurado": -1,
  "binigyan ng kapangyarihan": 1,
  "kumikining": 3,
  "mabisyo": -2,
  "biktima": -3,
  "biktimahin": -3,
  "nabiktima": -3,
  "binibiktima": -3,
  "mga biktima": -3,
  "listo": 3,
  "alipusta": -3,
  "lumabag": -2,
  "lumalabag": -2,
  "karahasan": -3,
  "banal": 2,
  "lubhang mapanganib": -2,
  "pananaw": 1,
  "taong may pananaw": 3,
  "pinapangarap": 1,
  "mga pananaw": 1,
  "kasiglahan": 3,
  "bitamina": 1,
  "vitriolik": -3,
  "magaan ang katawan": 3,
  "bungangero": -1,
  "kahinaan": -2,
  "may marupok na kalooban": -2,
  "umalis": -2,
  "wanker": -3,
  "maalinsangan": 1,
  "kainitan": 2,
  "magbabala": -2,
  "binalaan": -2,
  "babala": -3,
  "mga babala": -3,
  "pagsasayang": -1,
  "sinayang": -2,
  "sinasayang": -2,
  "pagkabuway": -1,
  "kasaganaan": 3,
  "masalapi": 2,
  "napapagod": -2,
  "kataka-taka": -2,
  "maligayang pagdating": 2,
  "makapritso": 1,
  "pagtakpan": -3,
  "balo": -1,
  "pagpayag": 2,
  "ang nagtagumpay": 4,
  "nagtatagumpay": 4,
  "pagnanais": 1,
  "mga pagnanais": 1,
  "ninanais": 1,
  "kumuha": -3,
  "napanalunan": 3,
  "kamagha-mangha": 4,
  "ligawan": 3,
  "woohoo": 3,
  "wooo": 4,
  "woow": 4,
  "gutay-gutay": -1,
  "nag-aalala": -3,
  "pag-aalala": -3,
  "mag-alala": -3,
  "masahol": -3,
  "lumubha": -3,
  "lalong lumubha": -3,
  "lalong lumulubha": -3,
  "sumamba": 3,
  "pinakamalubha": -3,
  "karapat-dapat": 2,
  "nararapat": 2,
  "ay!": 4,
  "wowow": 4,
  "wowww": 4,
  "kamalian": -2,
  "wtf": -4,
  "oo": 1,
  "pagnanasa": 1,
  "yeees": 2,
  "kabataan": 2,
  "kadiri": -2,
  "masarap": 3,
  "panatiko": -2,
  "mga panatiko": -2
}