{
  "từ bỏ": -2,
  "được từ bỏ - bị bỏ rơi": -2,
  "bị bắt cóc": -2,
  "bắt cóc - sự bắt cóc": -2,
  "bắt cóc  sự bắt cóc": -2,
  "ghê tởm": -3,
  "khả năng - những khả năng": 2,
  "khả năng": 2,
  "trên tàu": 1,
  "người vắng mặt": -1,
  "người vắng mặt - Những người vắng mặt": -1,
  "tha tội - tuyên án vô tội": 2,
  "tha tội - được tuyên án vô tội": 2,
  "tha tội": 2,
  "chăm chú": 1,
  "sự lạm dụng": -3,
  "bị lạm dụng": -3,
  "lạm dụng": -3,
  "chấp nhận": 1,
  "được chấp nhận": 1,
  "tai nạn": -2,
  "tình cờ": -2,
  "một cách tình cờ": -2,
  "tai nạn - những vụ tai nạn": -2,
  "hoàn thành": 2,
  "đã hoàn thành": 2,
  "sự kết tội": -2,
  "những sự kết tội": -2,
  "kết tội": -2,
  "bị kết tội": -2,
  "đau": -2,
  "có thể đạt được": 1,
  "tha bổng": 2,
  "được tha bổng": 2,
  "gay gắt": -3,
  "đang hoạt động": 1,
  "đầy đủ": 1,
  "khâm phục": 3,
  "được khâm phục": 3,
  "thừa nhận": -1,
  "đã thừa nhận": -1,
  "khiển trách": -2,
  "bị khiển trách": -2,
  "có thể chấp nhận": 3,
  "quý mến": 3,
  "được quý mến": 3,
  "nâng cao": 1,
  "lợi thế": 2,
  "lợi thế - những lợi thế": 2,
  "cuộc phiêu lưu": 2,
  "những cuộc phiêu lưu": 2,
  "phiêu lưu": 2,
  "bị ảnh hưởng": -1,
  "sự ảnh hưởng": 3,
  "tình cảm": 3,
  "đau khổ": -3,
  "bực bội": -1,
  "sợ": -2,
  "làm trầm trọng thêm": -2,
  "bị làm trầm trọng thêm": -2,
  "cuộc xâm lược": -2,
  "những cuộc xâm lược": -2,
  "hay gây hấn": -2,
  "kinh ngạc": 4,
  "Nóng lòng": 2,
  "Chịu đau đớn": -3,
  "Bị chịu đau đớn": -3,
  "Đồng ý": 1,
  "có thể đồng ý": 2,
  "đã đồng ý": 1,
  "sự đồng ý": 1,
  "đồng ý": 2,
  "báo động": -2,
  "đã báo động": -2,
  "Người hay gieo hoang mang sợ hãi": -2,
  "Chao ôi!": -1,
  "Sự báo động": -1,
  "Sự làm cho giận": -2,
  "sống": 1,
  "dị ứng": -2,
  "cho phép": 1,
  "một mình": -2,
  "đầy tham vọng": 2,
  "Mâu thuẫn": -1,
  "Vui chơi - Làm cho thích thú": 3,
  "Vui chơi - thích thú, vui": 3,
  "vui chơi giải trí": 3,
  "Giận giữ": -3,
  "giận giữ": -3,
  "tức giận": -3,
  "Thù hận": -2,
  "làm phiền": -2,
  "sự làm phiền": -2,
  "Đối kháng": -2,
  "Chống": -1,
  "dự đoán": 1,
  "sự lo lắng": -2,
  "lo lắng": -3,
  "thờ ơ": -3,
  "tính thờ ơ": -3,
  "apeshit": -3,
  "Khải huyền": -2,
  "xin lỗi": 2,
  "được xin lỗi": -1,
  "kinh hoàng": -2,
  "khuyên giải": 2,
  "được khuyên giải": 2,
  "khen ngợi": 3,
  "được khen ngợi": 3,
  "sự tán thưởng/ vỗ tay khen ngợi": 2,
  "đánh giá": 2,
  "đã đánh giá": 2,
  "sự đánh giá": 2,
  "sợ hãi": -2,
  "sự phê duyệt": 2,
  "được phê duyệt": 2,
  "phê duyệt": 2,
  "hăng hái": 3,
  "bắt giữ": -2,
  "bị bắt giữ": -3,
  "kiêu ngạo": -2,
  "xấu hổ": -2,
  "con lừa": -4,
  "cuộc ám sát": -3,
  "những cuộc ám sát": -3,
  "tài sản": 2,
  "những tài sản": 2,
  "đồ con lừa": -4,
  "đồ khốn nạn": -5,
  "ngạc nhiên": 2,
  "làm kinh ngạc": 3,
  "bị làm kinh ngạc": 3,
  "tấn công": -1,
  "đã tấn công": -1,
  "thu hút": 1,
  "bị thu hút": 1,
  "sự thu hút": 2,
  "những sự thu hút": 2,
  "táo bạo": 2,
  "uỷ quyền": 1,
  "ngăn ngừa": -1,
  "đã ngăn ngừa": -1,
  "khao khát": 1,
  "tránh": -1,
  "đã tránh": -1,
  "chờ đợi": -1,
  "đã chờ đợi": -1,
  "phần thưởng": 3,
  "được thưởng": 3,
  "thưởng": 2,
  "tuyệt vời": 3,
  "kinh khủng": -3,
  "vụng về": -2,
  "chặt bỏ": -1,
  "đã chặt bỏ": -1,
  "đã trở lại": 1,
  "trở lại": 1,
  "xấu": -3,
  "phá cách": -3,
  "sự cứu giúp": -2,
  "lừa bịp": -2,
  "bị lừa bịp": -2,
  "cấm": -2,
  "trục xuất": -2,
  "phá sản": -3,
  "bankster": -3,
  "bị cấm": -2,
  "mặc cả": 2,
  "rào cản": -2,
  "đồ khốn": -5,
  "những đồ khốn": -5,
  "trận chiến": -1,
  "những trận chiến": -1,
  "đập": -1,
  "hạnh phúc - rạng rỡ": 3,
  "vẻ đẹp": 3,
  "đẹp": 1,
  "làm đẹp": 3,
  "làm nhỏ lại": -2,
  "được làm nhỏ lại": -2,
  "được yêu quý": 3,
  "lợi ích": 2,
  "được hưởng lợi": 2,
  "hưởng lợi": 2,
  "làm mất": -2,
  "đã làm mất": -2,
  "tốt nhất": 3,
  "phản bội": -3,
  "sự phản bội": -3,
  "tốt hơn": 2,
  "độ xiên": -1,
  "bị chệch": -2,
  "lớn": 1,
  "chê bai": -5,
  "đắng": -2,
  "kỳ lạ": -2,
  "ba hoa": -2,
  "đổ lỗi": -2,
  "bị đổ lỗi": -2,
  "ban phúc": 3,
  "mù": -1,
  "hạnh phúc": 3,
  "thanh thản": 2,
  "chặn": -1,
  "siêu nhiên": 3,
  "đẫm máu": -3,
  "mờ": -2,
  "khoe khoang": -2,
  "dũng cảm": 3,
  "bom": -1,
  "tăng cường": 1,
  "được tăng cường": 1,
  "buồn chán": -3,
  "bị làm phiền": -2,
  "làm khó chịu": -2,
  "tẩy chay": -2,
  "bị tẩy chay": -2,
  "sự tẩy não": -3,
  "lòng dũng cảm": 2,
  "đột phá": 3,
  "ngoạn mục": 5,
  "hối lộ": -3,
  "sáng": 1,
  "sáng nhất": 2,
  "độ sáng": 1,
  "thông minh": 1,
  "hoạt động": 2,
  "khánh kiệt": -1,
  "ấp ủ": -2,
  "bị bắt nạt": -2,
  "chuyện phiếm": -4,
  "đe doạ": -2,
  "người vô công rồi nghề": -2,
  "nổi": 2,
  "chất nặng lên": -2,
  "bị chất nặng lên": -2,
  "bình tĩnh": 2,
  "không chịu được": -3,
  "hủy bỏ": -1,
  "đã hủy bỏ": -1,
  "ung thư": -1,
  "có khả năng": 2,
  "làm say mê": 3,
  "chăm sóc": 2,
  "vô tư lự": -2,
  "cẩn thận": 2,
  "bất cẩn": -2,
  "thanh toán tiền mặt": -2,
  "tai hoạ": -2,
  "tai ương": -3,
  "thảm khốc": -3,
  "thận trọng": -1,
  "chúc mừng": 2,
  "kiểm duyệt": -2,
  "đã kiểm duyệt": -2,
  "chắc chắn": 1,
  "làm phiền muộn": -2,
  "thử thách": -1,
  "cơ hội": 2,
  "hỗ độn": -2,
  "hỗn độn": -2,
  "có tải": -2,
  "sức hấp dẫn": 3,
  "hấp dẫn": 3,
  "không đẹp": -3,
  "trừng phạt": -2,
  "bị trừng phạt": -2,
  "lừa đảo": -3,
  "bị lừa đảo": -1,
  "kẻ lừa đảo": -3,
  "những kẻ lừa đảo": -3,
  "làm vui mừng": 2,
  "đã làm vui mừng": 2,
  "vui mừng": 3,
  "không vui": -3,
  "vui vẻ": 3,
  "yêu mến": 2,
  "sự sang trọng": 2,
  "trẻ con": -2,
  "làm lạnh": -1,
  "ngạt thở": -2,
  "bị ngạt thở": -2,
  "làm sạch": 2,
  "sự mâu thuẫn": -2,
  "trang nhã": 3,
  "vệ sinh": 2,
  "người lau chùi": 2,
  "xóa": 1,
  "đã xóa": 1,
  "rõ ràng": -2,
  "bị mờ": -1,
  "không manh mối": -2,
  "gà trống": -5,
  "kẻ nịnh hót": -5,
  "tự phụ": -2,
  "ép buộc": -2,
  "sụp đổ": -2,
  "đã sụp đổ": -2,
  "va chạm": -1,
  "sự va chạm": -2,
  "những sự va chạm": -2,
  "cấu kết": -3,
  "trận đấu": -1,
  "những trận đấu": -1,
  "hài kịch": 1,
  "sự thoải mái": 2,
  "thoải mái": 2,
  "có thể an ủi": 2,
  "nhận xét": 2,
  "đã nhận xét": 2,
  "cam kết": 1,
  "sự cam kết": 2,
  "đã cam kết": 1,
  "thương hại": 2,
  "bị ép buộc": 1,
  "cạnh tranh": 2,
  "tự mãn": -2,
  "phàn nàn": -2,
  "đã phàn nàn": -2,
  "toàn diện": 2,
  "hoà giải": 2,
  "kết án": -2,
  "sự kết án": -2,
  "đã kết án": -2,
  "sự tự tin": 2,
  "tự tin": 2,
  "mẫu thuẫn": -2,
  "mâu thuẫn": -2,
  "nhầm lẫn": -2,
  "bị nhầm lẫn": -2,
  "sự chúc mừng": 2,
  "âm mưu": -3,
  "bị hạn chế": -2,
  "lây nhiễm": -1,
  "sự coi khinh": -2,
  "khinh thường": -2,
  "chiến đấu": -1,
  "đối thủ": -1,
  "hay cãi nhau": -2,
  "có thể tranh cãi": -2,
  "có thể gây ra tranh luận": -2,
  "có tính cách tranh luận": -2,
  "thuyết phục": 1,
  "bị thuyết phục": 1,
  "mát mẻ": 1,
  "công cụ tuyệt vời": 3,
  "bị dồn vào chân tường": -2,
  "xác chết": -1,
  "đắt tiền": -2,
  "khuyến khích": 2,
  "can đảm": 2,
  "lịch sự": 2,
  "sự lịch sự": 2,
  "che giấu": -3,
  "nhát gan": -2,
  "có tính nhát gan": -2,
  "ấm cúng": 2,
  "bị chuột rút": -1,
  "chuyện tào lao": -3,
  "vải thô": -2,
  "điên hơn": -2,
  "điên nhất": -2,
  "điên": -3,
  "sáng tạo": 2,
  "chán nản": -1,
  "khóc": -2,
  "tội ác": -3,
  "tội phạm": -3,
  "sự khủng hoảng": -3,
  "nhà phê bình": -2,
  "sự phê bình": -2,
  "phê bình": -2,
  "bị phê bình": -2,
  "độc ác": -3,
  "sự hung ác": -3,
  "ép": -1,
  "bị ép": -2,
  "kẻ đáng ghét": -5,
  "tò mò": 2,
  "sự nguyền rủa": -1,
  "cắt": -1,
  "lanh lợi": 2,
  "người hoài nghi": -2,
  "hoài nghi": -2,
  "sự hoài nghi": -2,
  "hư hại": -3,
  "chỉ trích": -4,
  "mẹ kiếp": -4,
  "nguy hiểm": -2,
  "sự táo bạo": 2,
  "tối nhất": -2,
  "bóng tối": -1,
  "gan dạ": 2,
  "chết": -3,
  "bế tắc": -2,
  "làm điếc": -1,
  "kính gửi": 2,
  "thân mến": 3,
  "cái chết": -2,
  "nợ": -2,
  "sự lừa dối": -3,
  "dối trá": -3,
  "lừa dối": -3,
  "bị lừa dối": -3,
  "quyết định": 1,
  "tận tụy": 2,
  "bị thất bại": -2,
  "thiếu sót": -3,
  "người bảo vệ": -2,
  "sự bảo vệ": -2,
  "trì hoãn": -1,
  "có vẻ thách thức": -1,
  "thiếu hụt": -2,
  "giáng chức": -2,
  "bị giáng chức": -2,
  "làm mất tính người": -2,
  "bị làm mất tính người": -2,
  "làm buồn nản": -2,
  "bị làm buồn nản": -2,
  "bị trì hoãn": -1,
  "sự vui thích": 3,
  "yêu cầu": -1,
  "được yêu cầu": -1,
  "sự thể hiện": -1,
  "làm nản lòng": -2,
  "bị từ chối": -1,
  "người từ chối": -2,
  "từ chối": -1,
  "tố cáo": -2,
  "phủ nhận": -2,
  "trật ray": -2,
  "bị trật ray": -2,
  "chế nhạo": -2,
  "bị chế nhạo": -2,
  "sự chế nhạo": -2,
  "đáng ao ước": 2,
  "đã khao khát": 2,
  "thèm muốn": 2,
  "thất vọng": -2,
  "liều lĩnh": -3,
  "nản lòng": -3,
  "phá hủy": -2,
  "bị phá hủy": -2,
  "sự phá hủy": -3,
  "được tách ra": -1,
  "giam cầm": -2,
  "bị giam cầm": -2,
  "sự giam cầm": -2,
  "kiên quyết": 2,
  "tàn phá": -2,
  "bị tàn phá": -2,
  "cống hiến": 3,
  "kim cương": 1,
  "thám tử": -4,
  "kẻ ngốc": -4,
  "đã chết": -3,
  "khó khăn": -1,
  "thiếu tự tin": -2,
  "tình trạng khó xử": -1,
  "người bị xem thường": -3,
  "bẩn": -2,
  "bẩn hơn": -2,
  "bẩn nhất": -2,
  "dơ bẩn": -2,
  "ngắt": -1,
  "bất lợi": -2,
  "bị thiệt thòi": -2,
  "biến mất": -1,
  "đã biến mất": -1,
  "sự thất vọng": -2,
  "tai họa": -3,
  "không tin": -1,
  "loại bỏ": -1,
  "đã loại bỏ": -1,
  "không an ủi được": -2,
  "sự không an ủi được": -2,
  "bất mãn": -2,
  "sự bất hòa": -2,
  "được chiết khấu": -1,
  "mất uy tín": -2,
  "khinh thị": -2,
  "ghét bỏ": -2,
  "bị ghét bỏ": -2,
  "nguỵ trang": -1,
  "đã nguỵ trang": -1,
  "làm phẫn nộ": -3,
  "bị làm phẫn nộ": -3,
  "bị làm chán nản": -2,
  "không trung thực": -2,
  "bị làm vỡ mộng": -2,
  "đã không thích": -2,
  "bị tháo rời": -2,
  "không thích": -2,
  "buồn thảm": -2,
  "bị mất tinh thần": -2,
  "sự hỗn loạn": -2,
  "mất tổ chức": -2,
  "mất phương hướng": -2,
  "làm mất uy tín": -2,
  "bị làm mất uy tín": -2,
  "bị bực mình": -2,
  "tranh luận": -2,
  "đã tranh luận": -2,
  "không đủ tư cách": -2,
  "không an tâm": -2,
  "không để ý": -2,
  "đã không để ý": -2,
  "không tôn trọng": -2,
  "không được tôn trọng": -2,
  "sự phá vỡ": -2,
  "phá vỡ": -2,
  "không hài lòng": -2,
  "bóp méo": -2,
  "bị bóp méo": -2,
  "làm xao lãng": -2,
  "bị làm sao lãng": -2,
  "sự làm sao lãng": -2,
  "làm sao lãng": -2,
  "làm đau khổ": -2,
  "bị làm đau khổ": -2,
  "sự không tin cậy": -3,
  "không tin cậy": -3,
  "làm nhiễu loạn": -2,
  "bị làm nhiễu loạn": -2,
  "phối màu": -2,
  "hoa mắt": -1,
  "né tránh": -2,
  "tinh ranh": -2,
  "không làm việc": -3,
  "đau buồn": -2,
  "nghi ngờ": -2,
  "bị nghi ngờ": -1,
  "thằng đểu": -3,
  "khuyết điểm": -2,
  "lôi kéo": -1,
  "bị lôi kéo": -1,
  "đã tháo cạn": -2,
  "kinh sợ": -2,
  "bị kinh sợ": -2,
  "dễ sợ": -3,
  "giấc mơ": 1,
  "những giấc mơ": 1,
  "tồi tàn": -2,
  "giảm": -1,
  "nhấn chìm": -2,
  "bị nhấn chìm": -2,
  "say rượu": -2,
  "mơ hồ": -2,
  "vô dụng": -2,
  "chậm hiểu": -2,
  "câm": -3,
  "ngu ngốc": -2,
  "vứt bỏ": -1,
  "bị vứt bỏ": -2,
  "sự hoạt động khác thường của một cơ quan trong cơ thể": -2,
  "háo hức": 2,
  "đứng đắng": 2,
  "dễ dàng": 1,
  "ngây ngất": 4,
  "hiệu quả": 2,
  "có hiệu quả": 2,
  "phấn chấn": 3,
  "sự phấn chấn": 3,
  "thanh lịch": 2,
  "làm lúng túng": -2,
  "bị làm lúng túng": -2,
  "sự làm lúng túng": -2,
  "đã làm đắng": -2,
  "ôm chặt": 1,
  "khẩn cấp": -1,
  "có sự đồng cảm": 2,
  "tình trạng rỗng không": -1,
  "trống rỗng": -1,
  "bị bỏ bùa": 2,
  "được khuyến khích": 2,
  "sự khuyến khích": 2,
  "xác nhận": 2,
  "đã xác nhận": 2,
  "sự xác nhận": 2,
  "kẻ thù": -2,
  "mạnh mẽ": 2,
  "thích": 2,
  "làm sáng tỏ": 2,
  "đã làm sáng tỏ": 2,
  "sự chán nản": -2,
  "làm điên tiết": -2,
  "bị làm điên tiết": -2,
  "làm mê mẩn": 3,
  "bắt làm nô lệ": -2,
  "bị bắt làm nô lệ": -2,
  "đảm bảo": 1,
  "mạnh dạn": 1,
  "giải trí": 2,
  "mê hoặc": 3,
  "có quyền": 1,
  "được ủy thác": 2,
  "ghen tị": -2,
  "sai lầm": -2,
  "lỗi": -2,
  "các lỗi": -2,
  "thoát": -1,
  "được kính trọng": 2,
  "đạo đức": 2,
  "sảng khoái": 4,
  "sự thu hồi tài sản một cách hợp pháp": -1,
  "thổi phồng": -2,
  "được thổi phồng": -2,
  "bị làm trầm trọng hơn": 2,
  "sự xuất sắc": 3,
  "xuất sắc": 3,
  "kích thích": 2,
  "bị kích thích": 1,
  "sự kích thích": 3,
  "loại trừ": 2,
  "bị loại trừ": -2,
  "sự loại trừ": -1,
  "miễn trừ": -1,
  "kiệt sức": -2,
  "hân hoan": 3,
  "làm vui vẻ": 3,
  "được loại trừ": 2,
  "mở rộng": 1,
  "khai thác": -2,
  "được khai thác": -2,
  "sự khai thác": 1,
  "phơi ra": -1,
  "đã phơi ra": -1,
  "kéo dài": 1,
  "phong phú": 4,
  "thần thoại": -1,
  "sự thích thú dở hơi": -2,
  "người đồng dâm nam": -3,
  "thất bại": -2,
  "sự thất bại": -2,
  "nhút nhát": -2,
  "công bằng": 2,
  "niềm tin": 1,
  "trung thành": 3,
  "làm giả": -3,
  "bị ngã": -2,
  "ngã": -1,
  "danh tiếng": 2,
  "quạt": 3,
  "trò khôi hài": -1,
  "quyến rũ": 3,
  "phát xít": -2,
  "định mệnh": -3,
  "mệt mỏi": -2,
  "ủng hộ": 2,
  "được ưu thích": 2,
  "được ưa thích": 2,
  "ưa thích": 2,
  "không sợ": 2,
  "sợ sệt": -2,
  "kém": -2,
  "cảm giác": 1,
  "trọng tội": -3,
  "nồng nhiệt": 2,
  "ngày hội": 2,
  "bồn chồn": -2,
  "sự chiến đấu": -1,
  "tốt": 3,
  "đốt cháy": -2,
  "phù hợp": 1,
  "sự phù hợp": 1,
  "tàu đô đốc": 2,
  "chạy trốn": -1,
  "lắc lư": -2,
  "bệnh cúm": -2,
  "bị làm bối rối": -2,
  "đã tập trung": 2,
  "sự ưa thích": 2,
  "bị bắt buộc": -1,
  "sự tịch thu tài sản để thế nợ": -2,
  "quên": -1,
  "hay quên": -2,
  "tha thứ": 1,
  "bị lãng quên": -1,
  "may mắn": 3,
  "điên cuồng": -2,
  "sự gian lận": -4,
  "kẻ gian lận": -4,
  "tội gian lận": -4,
  "mắc tội gian lận": -4,
  "tự do": 1,
  "sự tự do": 2,
  "sự điên cuồng": -3,
  "mới": 1,
  "thân thiện": 2,
  "sự hoảng sợ": -2,
  "bị hoảng sợ": -2,
  "hoảng sợ": -3,
  "frikin": -2,
  "nghịch ngợm": 2,
  "cau mày": -1,
  "làm thất bại": -2,
  "bị làm thất bại": -2,
  "ftw": 3,
  "giao cấu": -4,
  "đã giao cấu": -4,
  "người giao cấu": -4,
  "những người giao cấu": -4,
  "kẻ ngu ngốc": -4,
  "đê tiện": -3,
  "fud": -3,
  "bộ phận sinh dục nữ": -4,
  "nổi giận": -3,
  "sự chôn cất": -1,
  "sôi nổi": 2,
  "buồn cười hơn": 4,
  "buồn cười": -3,
  "vô ích": -2,
  "bịt miệng": -2,
  "bị bịt miệng": -2,
  "đạt được": 1,
  "đã đạt được": 1,
  "sự can đảm": 3,
  "rộng lượng": 2,
  "ma quỷ": -1,
  "chóng mặt": -2,
  "quà tặng": 2,
  "vui": 3,
  "đặc biệt thu hút": 3,
  "niềm hân hoan": 3,
  "u ám": -2,
  "vinh quang": 2,
  "ủ rũ": -2,
  "thần": 1,
  "nguyền rủa": -3,
  "của trời cho": 4,
  "lòng tốt": 2,
  "vẻ duyên dáng": 1,
  "hoà nhã": 3,
  "rất quan trọng": 3,
  "cấp": 1,
  "đã cấp": 1,
  "biết ơn": 2,
  "sự ban thưởng": 2,
  "mồ": -2,
  "màu xám": -1,
  "lớn hơn": 3,
  "lớn nhất": 3,
  "tính tham lam": -3,
  "tham lam": -2,
  "hành vi lừa dối người tiêu dùng": -3,
  "người có  hành vi lừa dối người tiêu dùng": -3,
  "người có hành vi lừa dối người tiêu dùng": -3,
  "đón chào": 1,
  "được đón chào": 1,
  "xám": -1,
  "nỗi đau buồn": -2,
  "gây đau buồn": -2,
  "mười hai tá": -2,
  "phát triển": 2,
  "bảo hành": 1,
  "có tội": -3,
  "tính khờ dại": -2,
  "dễ bị lừa": -2,
  "súng": -1,
  "ha": 2,
  "chém": -2,
  "haha": 3,
  "hahaha": 3,
  "hahahah": 3,
  "mưa đá": 2,
  "đã mưa đá": 2,
  "rủi ro": -2,
  "sự rủi ro": -2,
  "sự hạnh phúc": 3,
  "khó khăn hơn": 2,
  "sự gian khổ": -2,
  "khoẻ mạnh": 2,
  "làm hại": -2,
  "bị làm hại": -2,
  "có hại": -2,
  "khắc nghiệt": -2,
  "khắc nghiệt hơn": -2,
  "khắc nghiệt nhất": -2,
  "ghét": -3,
  "bị ghét": -3,
  "người căm ghét": -3,
  "bỏ hoang": -1,
  "bị bỏ hoang": -2,
  "sự tàn phá": -2,
  "làm đau buồn": -3,
  "bị làm đau buồn": -3,
  "chân thành": 3,
  "thiên đường": 3,
  "ở thiên đường": 4,
  "bị phiền muộn": -2,
  "địa ngục": -4,
  "trợ giúp": 2,
  "hữu ích": 2,
  "không được giúp đỡ": -2,
  "anh hùng": 3,
  "các anh hùng": 2,
  "do dự": -1,
  "bị ẩn": -1,
  "ẩn": -1,
  "làm nổi bật": 2,
  "sự cản trở": -2,
  "trò chơi khăm": -2,
  "nhớ nhà": -2,
  "trung thực": 2,
  "kính trọng": 2,
  "du côn": -2,
  "tính du côn": -2,
  "hi vọng": 2,
  "mất hi vọng": -2,
  "sự mất hi vọng": -2,
  "chống đối": -2,
  "kẻ chống đối": -2,
  "ôm": 2,
  "hài hước": 2,
  "bị làm nhục": -3,
  "sự làm nhục": -3,
  "sự đói": -2,
  "hoan hô": 5,
  "làm đau": -2,
  "đạo đức giả": -2,
  "rối loạn": -3,
  "cơn kích động": -3,
  "người ngu": -3,
  "ngu si": -3,
  "sự ngu dốt": -2,
  "ngu dốt": -2,
  "lờ đi": -1,
  "bị lờ đi": -2,
  "ốm": -2,
  "bất hợp pháp": -3,
  "mù chữ": -2,
  "bệnh tật": -2,
  "khờ dại": -3,
  "được giữ cố định": -1,
  "bất tử": 2,
  "miễn dịch": 1,
  "thiếu kiên nhẫn": -2,
  "không hoàn hảo": -2,
  "tầm quan trọng": 2,
  "quan trọng": 1,
  "áp đặt": -1,
  "bị áp đặt": -1,
  "bất lực": -2,
  "gây ấn tượng": 3,
  "đã gây ấn tượng": 3,
  "ấn tượng": 3,
  "bị bỏ tù": -2,
  "cải thiện": 2,
  "được cải thiện": 2,
  "sự cải thiện": 2,
  "không có khả năng": -2,
  "sự không hoạt động": -2,
  "không tương xứng": -2,
  "không đủ khả năng": -2,
  "bị làm mất hết khả năng": -2,
  "làm cho nổi giận": -2,
  "sự thiếu khả năng": -2,
  "thiếu khả năng": -2,
  "thiếu ân cần": -2,
  "sự không thuận tiện": -2,
  "không thuận tiện": -2,
  "tăng": 1,
  "đã tăng": 1,
  "không thể phá hủy được": 2,
  "sự lãnh đạm": -2,
  "lãnh đạm": -2,
  "căm phẫn": -2,
  "sự căm phẫn": -2,
  "truyền bá": -2,
  "được truyền bá": -2,
  "không hiệu quả": -2,
  "bị cuồng dại": 2,
  "sự cuồng dại": 2,
  "bị nhiễm trùng": -2,
  "ở dưới": -2,
  "bị viêm": -2,
  "có ảnh hưởng": 2,
  "sự vi phạm": -2,
  "làm tức điên lên": -2,
  "bị làm tức điên lên": -2,
  "ngăn chặn": -1,
  "bị thương": -2,
  "thương tích": -2,
  "sự bất công": -2,
  "đổi mới": 2,
  "sự đổi mới": 1,
  "tính đổi mới": 2,
  "sự điều tra": -2,
  "sự điên rồ": -2,
  "không an toàn": -2,
  "không có cảm giác": -2,
  "sự không có cảm giác": -2,
  "không quan trọng": -2,
  "vô vị": -2,
  "sự truyền cảm hứng": 2,
  "gây cảm hứng": 2,
  "truyền cảm hứng": 3,
  "được truyền cảm hứng": 2,
  "lăng mạ": -2,
  "bị lăng mạ": -2,
  "không bị ảnh hưởng": 2,
  "tính liêm chính": 2,
  "liêm chính": 2,
  "cường độ": 1,
  "sự thích thú": 1,
  "thú vị": 2,
  "bị chất vấn": -2,
  "làm gián đoạn": -2,
  "bị gián đoạn": -2,
  "sự làm gián đoạn": -2,
  "hăm dọa": -2,
  "bị hăm dọa": -2,
  "sự hăm dọa": -2,
  "rắc rối": 2,
  "mưu đồ": 1,
  "vô địch": 2,
  "mời": 1,
  "không thể bị thương được": 2,
  "mỉa mai": -2,
  "sự mỉa mai": -1,
  "không hợp lý": -1,
  "không chống lại được": 2,
  "vô trách nhiệm": 2,
  "không thể đảo ngược lại": -1,
  "chọc tức": -2,
  "bị chọc tức": -3,
  "bị cô lập": -1,
  "ngứa": -2,
  "người ngu đần": -3,
  "những người ngu đần": -4,
  "vui nhộn": 2,
  "nguy cơ": -2,
  "sự co giật": -3,
  "Đức Chúa Giêxu": 1,
  "trang sức": 1,
  "tham gia": 1,
  "trò đùa": 2,
  "sự vui mừng": 3,
  "vui sướng": 3,
  "hay giật mình": -1,
  "sự công bằng": 2,
  "chính đáng": 2,
  "hợp lý": 2,
  "giết": -3,
  "bị giết": -3,
  "tốt bụng": 2,
  "tốt bụng hơn": 2,
  "hôn": 2,
  "tiếng tăm": 3,
  "thiếu": -2,
  "đa sầu": -2,
  "bắt giam": -2,
  "bị bắt giam": -2,
  "què": -2,
  "mốc ranh giới": 2,
  "cười": 2,
  "đã cười": 2,
  "được khởi động": 1,
  "luật": 3,
  "kiện cáo": -2,
  "lười biếng": -1,
  "rò rỉ": -1,
  "bị rò rỉ": -1,
  "rời đi": -1,
  "pháp lý": 1,
  "hợp pháp": 1,
  "nhân hậu": 1,
  "hôn mê": -2,
  "trạng thái hôn mê": -2,
  "kẻ nói dối": -3,
  "phỉ báng": -2,
  "bài ca": -2,
  "thắt lưng bảo vệ": 4,
  "đã thích": 2,
  "sự giới hạn": -2,
  "giới hạn": -2,
  "sự kiện tụng": -1,
  "kiện tụng": -2,
  "sinh động": 2,
  "bầm tím": -2,
  "lmao": 4,
  "lmfao": 4,
  "bị ghê tởm": -3,
  "hành lang": -2,
  "vận động hành lang": -2,
  "lol": 3,
  "cô đơn": -2,
  "niềm khát kha": -1,
  "hiện ra lờ mờ": -1,
  "đã hiện ra lờ mờ": -1,
  "nới lỏng": -3,
  "người thua cuộc": -3,
  "thua cuộc": -3,
  "thua": -3,
  "đáng yêu": 3,
  "yêu": 2,
  "được yêu": 3,
  "thấp nhất": -1,
  "lòng trung thành": 3,
  "sự may mắn": 3,
  "bi thảm": -2,
  "người điên": -3,
  "ẩn nấp": -1,
  "làm cho bực mình": -3,
  "hư cấu": -1,
  "điên rồ": -3,
  "sự điên": -3,
  "bắt buộc": -1,
  "thao túng": -1,
  "sự thao túng": -1,
  "thuyệt vời": 3,
  "kiệt tác": 4,
  "vấn đề": -2,
  "các vấn đề": -2,
  "có ý nghĩa": 2,
  "vô nghĩa": -2,
  "huân chương": 3,
  "tính chất xoàng": -3,
  "trầm ngâm": 2,
  "u sầu": -2,
  "đe dọa": -2,
  "làm rối": -2,
  "bị làm rối": -2,
  "làm rối lên": -2,
  "có phương pháp": 2,
  "thiếu suy xét": -2,
  "phép mầu": 4,
  "sự vui vẻ": 3,
  "cư xử không đứng đắn": -2,
  "đã cư xử không đứng đắn": -2,
  "điều ác": -1,
  "cực khổ": -3,
  "cảnh khổ cực": -2,
  "nỗi lo âu": -2,
  "sự báo tin tức sai": -2,
  "đã báo tin tức sai": -2,
  "dịch sai": -2,
  "làm cho lạc đường": -3,
  "đọc sai": -1,
  "báo cáo sai": -2,
  "thuyết trình sai": -2,
  "nhỡ": -2,
  "bị nhỡ": -2,
  "mắc lỗi": -2,
  "bị mắc lỗi": -2,
  "hiểm lầm": -2,
  "hiểu lầm": -2,
  "bị hiểu lầm": -2,
  "than van": -2,
  "đã than vãn": -2,
  "than vãn": -2,
  "sự buôn bán": -2,
  "độc quyền": -2,
  "được độc quyền": -2,
  "buồn rầu": -3,
  "người khờ dại": -3,
  "thằng khốn": -5,
  "được đổi mới": 2,
  "than khóc": -2,
  "đã than khóc": -2,
  "thương tiếc": -2,
  "hờn dỗi": -2,
  "kẻ giết người": -2,
  "giết người": -3,
  "những kẻ giết người": -2,
  "ngờ nghệch": -1,
  "bẩn thỉu": -3,
  "tự nhiên": 1,
  "nghèo túng": -2,
  "âm": -2,
  "tính chất tiêu cực": -2,
  "sao lãng": -2,
  "đã sao lãng": -2,
  "dây thần kinh": -1,
  "tiện lợi": 2,
  "người da đen": -5,
  "không": -1,
  "quý tộc": 2,
  "ồn ào": -2,
  "lời nói vô nghĩa": -2,
  "không tốt": -2,
  "tiểu thuyết": 2,
  "tê cóng": -1,
  "đai ốc": -3,
  "phá hủy hoàn toàn": -2,
  "rất khó chịu": -3,
  "tục tĩu": -2,
  "ám ảnh": 2,
  "cổ xưa": -2,
  "cản trở": -2,
  "bướng bỉnh": -2,
  "lạ": -1,
  "xúc phạm": -2,
  "người xúc phạm": -2,
  "ngoại tuyến": -1,
  "điềm báo": 3,
  "cơ hội ngàn năm có một": 3,
  "những cơ hội": 2,
  "bị đàn áp": -2,
  "đán áp": -2,
  "sự lạc quan": 2,
  "lạc quan": 2,
  "không có quyền": -2,
  "sự la thét": -2,
  "vượt trội hơn": -2,
  "bị xúc phạm": -3,
  "vượt hơn": 2,
  "nổi bật": 5,
  "vui mừng khôn xiết": 4,
  "quá tải": -1,
  "giám sát": -1,
  "phản ứng quá mạnh mẽ": -2,
  "đã phản ứng quá mạnh mẽ": -2,
  "sự phản ứng quá mạnh mẽ": -2,
  "bán vượt số dự trữ": -2,
  "sự quá đơn giản hóa": -2,
  "đã quá đơn giản hóa": -2,
  "quá đơn giản hóa": -2,
  "sự đánh giá quá cao": -2,
  "những sự đánh giá quá cao": -2,
  "thừa cân": -1,
  "phép nghịch hợp": -1,
  "bị đau": -2,
  "làm hoảng sợ": -3,
  "bị hoảng hốt": -3,
  "nghịch lý": -1,
  "đã xin lỗi": 2,
  "thương lượng": -1,
  "say đắm": 2,
  "thụ động": -1,
  "cảm động": -2,
  "thanh toán": -1,
  "yên bình": 2,
  "hình phạt": -2,
  "sâu sắc": -1,
  "hoàn hảo": 2,
  "đã làm hoàn hảo": 2,
  "sự nguy hiểm": -2,
  "sự khai man trước toà": -3,
  "thủ phạm": -2,
  "lúng túng": -2,
  "khủng bố": -2,
  "bị khủng bố": -2,
  "bị nhiễu loạn": -2,
  "chủ nghĩa bi quan": -2,
  "bi quan": -2,
  "bị hoá đá": -2,
  "ám ảnh sợ": -2,
  "gây ấn tượng mạnh": 2,
  "sự cố trật bánh": -1,
  "đi tiểu": -3,
  "đã đi tiểu": -4,
  "thảm thương": -2,
  "bị thương hại": -1,
  "đáng thương": -2,
  "ham vui đùa": 2,
  "làm vui lòng": 1,
  "hài lòng": 3,
  "niềm vui thích": 3,
  "được làm cân bằng": -2,
  "đầu độc": -2,
  "bị đầu độc": -2,
  "làm ô nhiễm": -2,
  "bị ô nhiễm": -2,
  "người làm ô nhiễm": -2,
  "những người làm ô nhiễm": -2,
  "nghèo": -2,
  "nghèo hơn": -2,
  "nghèo nhất": -2,
  "phổ biến": 3,
  "tích cực": 2,
  "sở hữu": -2,
  "hoãn": -1,
  "bị hoãn": -1,
  "nghèo đói": -1,
  "cầu nguyện": 1,
  "chuẩn bị": 1,
  "gây sức ép": -1,
  "bị gây sức ép": -2,
  "giả vờ": -1,
  "ngăn cản": -1,
  "bị ngăn cản": -1,
  "châm": -5,
  "nhà tù": -2,
  "người tù": -2,
  "những người tù": -2,
  "có đặc quyền": 2,
  "chủ động": 2,
  "đầu cơ trục lợi": -2,
  "sự tiến bộ": 2,
  "dễ thấy": 2,
  "hứa hẹn": 1,
  "đã hứa hẹn": 1,
  "thúc đẩy": 1,
  "được thúc đẩy": 1,
  "tuyên truyền": -2,
  "khởi tố": -1,
  "bị khởi tố": -2,
  "sự khởi tố": -1,
  "triển vọng": 1,
  "thịnh vượng": 3,
  "bảo vệ": -2,
  "được bảo vệ": 1,
  "cuộc biểu tình": -2,
  "tự hào": 2,
  "đáng tự hào": 2,
  "khiêu khích": -1,
  "bị khiêu khích": -1,
  "giả câu": -3,
  "nhằm trừng phạt": -2,
  "huênh hoang": -1,
  "đã không hiểu được": -2,
  "rung động": 3,
  "đáng ngờ": -2,
  "phân biệt chủng tộc": -3,
  "người phân biệt chủng tộc": -3,
  "những người phân biệt chủng tộc": -3,
  "sự thịnh nộ": -2,
  "oán hận": -2,
  "mưa": -1,
  "lời nói huênh hoang rỗng tuếch": -3,
  "diễn giả huênh hoang rỗng tuếch": -3,
  "các diễn giả huênh hoang rỗng tuếch": -3,
  "hãm hiếp": -4,
  "người phạm tội hãm hiếp": -4,
  "say mê": 2,
  "bị say mê": 2,
  "sung sướng vô ngần": 4,
  "chứng phát ban": -2,
  "đã thông qua": 2,
  "cam đoan một lần nữa": 2,
  "đã cam đoan một lần nữa": 1,
  "nổi loạn": -2,
  "sự lùi lại": -2,
  "không lo lắng": -2,
  "được khuyến cáo": 2,
  "khuyến cáo": 2,
  "được mua lại": 2,
  "hối hận": -2,
  "hối tiếc": -2,
  "đã hối hận": -2,
  "làm cho vui mừng": 4,
  "thư giãn": 2,
  "tàn nhẫn": -1,
  "đáng được tin cậy": 2,
  "làm an tâm": 2,
  "đã làm an tâm": 2,
  "thưởng thức": 2,
  "đáng chú ý": 2,
  "đẩy lùi": -2,
  "cứu nguy": 2,
  "được cứu nguy": 2,
  "cảm thấy phẫn uất bực bội": -2,
  "từ chức": -1,
  "đã từ chức": -1,
  "cương quyết": 2,
  "giải quyết": 1,
  "đã giải quyết": 2,
  "được tôn trọng": 2,
  "trách nhiệm": 2,
  "đáp ứng nhiệt tình": 2,
  "nghỉ ngơi": 2,
  "không nghỉ": -2,
  "khôi phục": 1,
  "được khôi phục": 1,
  "bị giới hạn": -2,
  "tiếp tục dùng": -1,
  "làm cho chậm lại": -2,
  "bị làm cho chậm lại": -2,
  "rút lui": -1,
  "sự trả thù": -2,
  "hiềm thù": -2,
  "được tôn kính": 2,
  "làm sống lại": 2,
  "giàu có": 2,
  "đúng hướng": 3,
  "nghiêm khắc": 3,
  "cuộc bạo động": -2,
  "các cuộc bạo động": -2,
  "những rủi ro": -2,
  "ăn trộm": -2,
  "kẻ trộm": -2,
  "bị ăn trộm": -2,
  "rofl": 4,
  "roflcopter": 4,
  "roflmao": 4,
  "lãng mạn": 2,
  "rotfl": 4,
  "rotflmfao": 4,
  "rotflol": 4,
  "sự phá hoại": -2,
  "buồn": -2,
  "làm cho buồn": -2,
  "bị làm cho buồn": -2,
  "đáng buồn": -2,
  "an toàn": 1,
  "sự an toàn": 1,
  "nhô ra": 1,
  "đầy nhựa": -1,
  "thỏa mãn": 2,
  "cứu": 2,
  "được cứu": 2,
  "mưu đồ bất lương": -2,
  "vụ bê bối": -3,
  "đáng hổ thẹn": -2,
  "anh chàng bung xung": -2,
  "dọa": -2,
  "bị dọa": -2,
  "rùng rợn": -2,
  "mắng mỏ": -2,
  "gầu xúc": 3,
  "khinh bỉ": -2,
  "đầy khinh bỉ": -2,
  "gào thét": -2,
  "đã gào thét lên": -2,
  "có ren vít": -2,
  "được bắt vít": -3,
  "kẻ hai lòng": -4,
  "bảo đảm": 2,
  "được bảo đảm": 2,
  "sự nổi loạn": -2,
  "bị dụ dỗ": -1,
  "tự dối mình": -2,
  "ích kỷ": -3,
  "tính ích kỷ": -3,
  "bị kết án": -2,
  "sáng sủa": 2,
  "khắt khe": -2,
  "lung lay": -2,
  "làm xấu hổ": -2,
  "chia sẻ": 1,
  "được chia sẻ": 1,
  "bị vỡ tan": -2,
  "phân": -4,
  "đầu như cứt": -4,
  "va đập": -2,
  "bị gây sốc": -2,
  "gây sốc": -2,
  "cú sốc": -2,
  "bắn": -1,
  "bị cận thị": -2,
  "tật cận thị": -2,
  "số lượng thiếu": -2,
  "sắc sảo": -4,
  "nhút nhãn": -1,
  "ốm yếu": -2,
  "thở dài": -2,
  "sự quan trọng": 1,
  "tiêu âm": -1,
  "thành thật": 2,
  "một cách chân thành": 2,
  "thành thật nhất": 2,
  "tính thành thật": 2,
  "sai trái": -2,
  "ngay thẳng": -2,
  "người hay hoài nghi": -2,
  "chủ nghĩa hoài nghi": -2,
  "tiếng đóng sầm": -2,
  "bị chém": -2,
  "vết chém": -2,
  "cảnh nô lệ": -3,
  "sự khó ngủ": -2,
  "bóng mượt": 2,
  "bóng mượt hơn": 2,
  "bóng mượt nhất": 2,
  "chậm chạp": -2,
  "đứa con gái hư": -5,
  "thông minh hơn": 2,
  "thông minh nhất": 2,
  "đốm bẩn": -2,
  "nụ cười": 2,
  "sương khói": -2,
  "vụng trộm": -1,
  "hắt hủi": -2,
  "bị hắt hủi": -2,
  "sự hắt hủi": -2,
  "làm tỉnh táo": 1,
  "trọng thể": -1,
  "rắn": 2,
  "tình đoàn kết": 2,
  "giải pháp": 1,
  "những giải pháp": 1,
  "được giải quyết": 1,
  "some kind": 0,
  "làm dịu": 3,
  "được làm dịu": 3,
  "tinh vi": 2,
  "đau nhức": -1,
  "sự đau khổ": -2,
  "buồn phiền": -2,
  "lấy làm buồn": -1,
  "thư rác": -2,
  "người gửi thư rác": -3,
  "gửi thư rác": -2,
  "tia lửa": 1,
  "tóe lửa": 3,
  "lấp lánh": 3,
  "có tính suy đoán": -2,
  "tinh thần": 1,
  "đầy khí thế": 2,
  "yếu đuối": -2,
  "hằn học": -2,
  "tráng lệ": 3,
  "hoạt bát": 3,
  "bị giẫm bẹp": -1,
  "đâm": -2,
  "bị đâm": -2,
  "ổn định": 2,
  "nhát đâm": -2,
  "nhốt": -2,
  "bị nhốt": -2,
  "sức chịu đựng": 2,
  "chạy tán loạn": -2,
  "bị giật mình": -2,
  "làm chết đói": -2,
  "bị chết đói": -2,
  "kiên định": 2,
  "ăn cắp": -2,
  "sự ăn cắp": -2,
  "đúc bản để in": -2,
  "được đúc bản để in": -2,
  "bị đau khủyu chân sau": -1,
  "bủn xỉn": -2,
  "bị ăn cắp": -2,
  "dừng": -1,
  "đã dừng": -1,
  "mập mạp": 2,
  "thẳng": 1,
  "bị bóp nghẹt": -2,
  "sức mạnh": 2,
  "làm cho khỏe mạnh": 2,
  "được làm cho khỏe mạnh": 2,
  "bị căng thẳng": -2,
  "tác nhân gây căng thẳng": -2,
  "bị tác động mạnh": -2,
  "đánh đập": -1,
  "người đánh đập": -2,
  "mạnh": 2,
  "mạnh hơn": 2,
  "mạnh nhất": 2,
  "được dập": -1,
  "đấu tranh": -2,
  "đã đấu tranh": -2,
  "cuộc đấu tranh": -2,
  "bị kẹt": -2,
  "bị choáng": -2,
  "làm choáng": 4,
  "đần độn": -2,
  "một cách đần độn": -2,
  "tinh tế": 2,
  "thực chất": 1,
  "về thực chất": 1,
  "có tính chất lật đổ": -2,
  "sự thành công": 2,
  "thành công": 3,
  "mút": -3,
  "sự mút": -3,
  "chịu đau đớn": -2,
  "tự sát": -2,
  "sự tự sát": -2,
  "kiện": -2,
  "hay hờn dỗi": -2,
  "ánh sáng mặt trời": 2,
  "siêu": 3,
  "nguy nga": 5,
  "cấp cao": 2,
  "hỗ trợ": 2,
  "được hỗ trợ": 2,
  "người hỗ trợ": 1,
  "mang tính hỗ trợ": 2,
  "sống sót": 2,
  "tồn tại": 2,
  "người sống sót": 2,
  "đình chỉ": -1,
  "bị đình chỉ": -1,
  "thề": -2,
  "ngọt ngào": 2,
  "nhanh chóng": 2,
  "sự lừa bịp": -3,
  "cảm thông": 2,
  "sự thông cảm": 2,
  "nhựa đường": -2,
  "nước mắt": -2,
  "mềm": 2,
  "căng": -2,
  "độ căng": -1,
  "khủng khiếp": -3,
  "quá chừng": -3,
  "cực kỳ": 4,
  "rất kinh hãi": -3,
  "sự kinh hoàng": -3,
  "bị đe dọa": -2,
  "cảm ơn": 2,
  "có gai": -2,
  "sự đe dọa": -2,
  "bị rùng mình": 5,
  "phá ngang": -2,
  "bị phá ngang": -2,
  "rụt rè": -2,
  "mệt": -2,
  "mấu": -2,
  "khoan dung": 2,
  "không có răng": -2,
  "đỉnh": 2,
  "bị rách": -2,
  "tra tấn": -4,
  "bị tra tấn": -4,
  "cực quyền": -2,
  "chế độ cực quyền": -2,
  "chào hàng": -2,
  "được chào hàng": -2,
  "bi kịch": -2,
  "yên tĩnh": 2,
  "bẫy": -1,
  "bị bẫy": -2,
  "chấn thương": -3,
  "gây chấn thương": -3,
  "bắt chước": -2,
  "sự làm phản": -3,
  "phản nghịch": -3,
  "kho báu": 2,
  "làm run": -2,
  "run": -2,
  "bị lừa": -2,
  "sự lừa đảo": -2,
  "thành tựu": 4,
  "đắc thắng": 4,
  "điều lo lắng": -2,
  "TRUE": 2,
  "tin tưởng": 1,
  "được tin tưởng": 2,
  "khối u": -2,
  "âm hộ": -5,
  "xấu xí": -3,
  "không thể chấp nhận được": -2,
  "không được đánh giá cao": -2,
  "không được chấp thuận": -2,
  "không có ý thức": -2,
  "không thể tin được": -1,
  "không thành kiến": 2,
  "không chắc chắn": -1,
  "không rõ ràng": -1,
  "không thoải mái": -2,
  "không quan tâm": -2,
  "không được xác nhận": -1,
  "không bị thuyết phục": -1,
  "không ai tin": -1,
  "đánh giá thấp": -1,
  "bị đánh giá thấp": -1,
  "khai đào ngầm": -2,
  "bị khai đào ngầm": -2,
  "không xứng đáng": -2,
  "không mong muốn": -2,
  "bứt rứt": -2,
  "sự thất nghiệp": -2,
  "không đồng đều": -1,
  "không được đồng đều": 2,
  "không có nguyên tắc": -2,
  "không công bằng": -2,
  "đã không tập trung": -2,
  "đã không hoàn thành": -2,
  "không hạnh phúc": -2,
  "không khỏe mạnh": -2,
  "đã được thống nhất": 1,
  "đã không ấn tượng": -2,
  "không thông minh": -2,
  "hợp nhất": 1,
  "phi lý": -2,
  "không đáng yêu": -2,
  "không được yêu mến": -2,
  "vô song": 1,
  "đã không có mục đích": -2,
  "không chuyên nghiệp": -2,
  "không được nghiên cứu": -2,
  "đã không thỏa mãn": -2,
  "đã không bảo đảm": -2,
  "chưa được giải quyết": -1,
  "không giả mạo": -2,
  "không ổn định": -2,
  "không thể chặn lại": 2,
  "không bị mờ": 2,
  "không được mong muốn": -2,
  "không có giá trị": -2,
  "sự làm khó chịu": -2,
  "sự hữu ích": 2,
  "sự vô ích": -2,
  "phê chuẩn": 1,
  "được phê chuẩn": 1,
  "lời tuyên án": -1,
  "được trao cho": 1,
  "sự phật ý": -2,
  "xấu xa": -2,
  "nạn nhân": -3,
  "ngược đãi": -3,
  "bị ngược đãi": -3,
  "cảnh giác": 3,
  "bào chữa": 2,
  "được bào chữa": 2,
  "vi phạm": -2,
  "bị vi phạm": -2,
  "bạo lực": -3,
  "hung dữ": -3,
  "có đạo đức tốt": 2,
  "có virut": -2,
  "tầm nhìn": 1,
  "nhìn xa trông rộng": 3,
  "nhìn": 1,
  "sức sống": 3,
  "vitamin": 1,
  "cay độc": -3,
  "om sòm": -1,
  "tính chất có thể bị tổn thương": -2,
  "có thể bị tổn thương": -2,
  "bãi công": -2,
  "muốn": 1,
  "chiến tranh": -2,
  "cuộc chiến tranh": -2,
  "ấm": 1,
  "ấp áp": 2,
  "cảnh báo": -2,
  "được cảnh báo": -2,
  "những cảnh báo": -3,
  "lãng phí": -2,
  "bị lãng phí": -2,
  "lập lòe": -1,
  "yếu ớt": -2,
  "sự yếu ớt": -2,
  "sự giàu có": 3,
  "số phận": -2,
  "chào mừng": 2,
  "được chào mừng": 2,
  "bất thường": 1,
  "nước vôi": -3,
  "gái điếm": -4,
  "ác": -2,
  "góa": -1,
  "thiện ý": 2,
  "chiến thắng": 3,
  "người chiến thắng": 4,
  "sự chiến thắng": 4,
  "đôi bên cùng có lợi": 3,
  "ao ước": 1,
  "sự ao ước": 1,
  "sự rút khỏi": -3,
  "thiểu não": -2,
  "tuyệt diệu": 4,
  "hú": 4,
  "hú hu": 3,
  "chà": 4,
  "bị mòn": -1,
  "tệ hơn": -3,
  "làm cho tệ hơn": -3,
  "trở nên tệ hơn": -3,
  "được tôn thờ": 3,
  "tồi tệ nhất": -3,
  "đáng giá": 2,
  "vô giá trị": -2,
  "thích đáng": 2,
  "ôi chao": 4,
  "ôi chao ôi chao": 4,
  "ôi chaooo": 4,
  "phá hỏng": -2,
  "bị sai": -2,
  "cái chết tiệt gì vậy": -4,
  "ừ": 1,
  "sự khao khát": 1,
  "vâng": 1,
  "trẻ tuổi": 2,
  "kinh tởm": -2,
  "ngon ơi là ngon": 3,
  "người quá khích": -2,
  "sốt sắng": 2
}